,Start Time,End Time,Activity,Duration (min),Quantity,Extra data,Text
0,2021-06-30 23:01,2021-06-30 23:01,Diaper,,,Wet,PQ had a wet diaper (medium)
1,2021-06-30 22:12,2021-06-30 22:27,Nursing,15.0,,,"PQ nursed (5m right, 10m left)"
2,2021-06-30 21:36,2021-06-30 21:51,Nursing,15.0,,,"PQ nursed (5m left, 10m right)"
3,2021-06-30 21:37,2021-06-30 21:37,Diaper,,,BM+Wet,PQ had a BM and wet diaper (medium)
4,2021-06-30 19:20,2021-06-30 19:37,Nursing,17.0,,,PQ nursed (17m right)
5,2021-06-30 19:15,2021-06-30 19:15,Diaper,,,BM+Wet,"PQ had a BM and wet diaper (diaper cream, medium)"
6,2021-06-30 17:45,2021-06-30 17:45,Diaper,,,Wet,PQ had a wet diaper (medium)
7,2021-06-30 16:20,2021-06-30 16:28,Nursing,8.0,,,PQ nursed (8m right)
8,2021-06-30 16:11,2021-06-30 16:16,Nursing,5.0,,,PQ nursed (5m right)
9,2021-06-30 15:58,2021-06-30 15:58,Diaper,,,Wet,PQ had a wet diaper (medium)
10,2021-06-30 15:41,2021-06-30 15:41,Diaper,,,BM+Wet,PQ had a BM and wet diaper
11,2021-06-30 15:13,2021-06-30 15:26,Nursing,13.0,,,PQ nursed (13m left)
12,2021-06-30 14:20,2021-06-30 14:25,Nursing,5.0,,,PQ nursed (5m right)
13,2021-06-30 12:54,2021-06-30 12:54,Diaper,,,BM,PQ had a BM diaper (small)
14,2021-06-30 11:23,2021-06-30 11:23,Diaper,,,BM+Wet,PQ had a BM and wet diaper (small)
15,2021-06-30 11:12,2021-06-30 11:18,Nursing,6.0,,,PQ nursed (6m right)
16,2021-06-30 09:30,2021-06-30 09:37,Nursing,7.0,,,PQ nursed (7m right)
17,2021-06-30 09:34,2021-06-30 09:34,Diaper,,,BM+Wet,PQ had a BM and wet diaper (medium)
18,2021-06-30 08:13,2021-06-30 08:13,Diaper,,,Wet,PQ had a wet diaper (medium)
19,2021-06-30 07:33,2021-06-30 07:43,Nursing,10.0,,,"PQ nursed (1m left, 9m right)"
20,2021-06-30 06:04,2021-06-30 06:04,Diaper,,,BM+Wet,PQ had a BM and wet diaper (large)
21,2021-06-30 05:30,2021-06-30 05:40,Nursing,10.0,,,PQ nursed (10m right)
22,2021-06-30 01:15,2021-06-30 01:22,Nursing,7.0,,,PQ nursed (7m right)
23,2021-06-30 01:15,2021-06-30 01:15,Medicine,,1.0,drop(s),D drop: 1 drop(s)
24,2021-06-30 01:15,2021-06-30 01:15,Diaper,,,BM+Wet,"PQ had a BM and wet diaper (open-air accident, medium)"
25,2021-06-29 23:18,2021-06-29 23:43,Nursing,25.0,,,PQ nursed (25m right)
26,2021-06-29 22:35,2021-06-29 22:35,Diaper,,,BM+Wet,PQ had a BM and wet diaper (large)
27,2021-06-29 22:10,2021-06-29 22:20,Nursing,10.0,,,PQ nursed (10m right)
28,2021-06-29 21:48,2021-06-29 21:48,Diaper,,,BM+Wet,PQ had a BM and wet diaper (small)
29,2021-06-29 19:50,2021-06-29 20:10,Nursing,20.0,,,PQ nursed (20m left)
30,2021-06-29 19:46,2021-06-29 19:46,Diaper,,,Wet,PQ had a wet diaper (large)
31,2021-06-29 18:34,2021-06-29 18:42,Nursing,8.0,,,PQ nursed (8m left)
32,2021-06-29 18:00,2021-06-29 18:11,Nursing,11.0,,,PQ nursed (11m left)
33,2021-06-29 16:40,2021-06-29 16:50,Nursing,10.0,,,PQ nursed (10m right)
34,2021-06-29 16:33,2021-06-29 16:33,Diaper,,,BM+Wet,PQ had a BM and wet diaper (small)
35,2021-06-29 15:30,2021-06-29 15:30,Diaper,,,BM+Wet,PQ had a BM and wet diaper (medium)
36,2021-06-29 14:50,2021-06-29 15:15,Nursing,25.0,,,"PQ nursed (10m right, 15m left)"
37,2021-06-29 12:23,2021-06-29 12:30,Nursing,7.0,,,PQ nursed (7m right)
38,2021-06-29 12:13,2021-06-29 12:13,Diaper,,,Wet,PQ had a wet diaper (small)
39,2021-06-29 11:20,2021-06-29 11:31,Nursing,11.0,,,PQ nursed (11m left)
40,2021-06-29 10:30,2021-06-29 10:30,Diaper,,,BM+Wet,PQ had a BM and wet diaper (medium)
41,2021-06-29 10:00,2021-06-29 10:14,Nursing,14.0,,,PQ nursed (14m right)
42,2021-06-29 09:25,2021-06-29 09:30,Nursing,5.0,,,PQ nursed (5m right)
43,2021-06-29 08:00,2021-06-29 08:00,Diaper,,,BM+Wet,PQ had a BM and wet diaper (large)
44,2021-06-29 07:03,2021-06-29 07:11,Nursing,8.0,,,PQ nursed (8m right)
45,2021-06-29 06:52,2021-06-29 06:52,Diaper,,,BM+Wet,PQ had a BM and wet diaper
46,2021-06-29 03:55,2021-06-29 03:59,Nursing,4.0,,,PQ nursed (4m right)
47,2021-06-29 03:29,2021-06-29 03:35,Nursing,6.0,,,PQ nursed (6m right)
48,2021-06-29 03:25,2021-06-29 03:25,Diaper,,,Wet,PQ had a wet diaper (large)
49,2021-06-28 23:55,2021-06-29 00:05,Nursing,10.0,,,PQ nursed (10m left)
50,2021-06-28 23:39,2021-06-28 23:39,Diaper,,,BM+Wet,PQ had a BM and wet diaper (medium)
51,2021-06-28 22:44,2021-06-28 22:59,Nursing,15.0,,,PQ nursed (15m right)
52,2021-06-28 21:30,2021-06-28 21:30,Diaper,,,Wet,PQ had a wet diaper (medium)
53,2021-06-28 21:18,2021-06-28 21:29,Nursing,11.0,,,PQ nursed (11m right)
54,2021-06-28 20:30,2021-06-28 20:30,Diaper,,,BM+Wet,PQ had a BM and wet diaper (medium)
55,2021-06-28 20:10,2021-06-28 20:23,Nursing,13.0,,,"PQ nursed (6.5m right, 6.5m left)"
56,2021-06-28 19:00,2021-06-28 19:00,Diaper,,,Wet,PQ had a wet diaper
57,2021-06-28 18:55,2021-06-28 18:59,Nursing,4.0,,,PQ nursed (4m right)
58,2021-06-28 17:20,2021-06-28 17:32,Nursing,12.0,,,PQ nursed (12m left)
59,2021-06-28 16:37,2021-06-28 16:37,Diaper,,,Wet,PQ had a wet diaper (medium)
60,2021-06-28 15:46,2021-06-28 16:07,Nursing,21.0,,,PQ nursed (21m right)
61,2021-06-28 13:26,2021-06-28 13:38,Nursing,12.0,,,PQ nursed (12m right)
62,2021-06-28 12:33,2021-06-28 12:33,Diaper,,,Wet,PQ had a wet diaper (large)
63,2021-06-28 11:30,2021-06-28 11:40,Nursing,10.0,,,"PQ nursed (5m left, 5m right)"
64,2021-06-28 11:01,2021-06-28 11:01,Diaper,,,Wet,PQ had a wet diaper (medium)
65,2021-06-28 09:30,2021-06-28 09:30,Diaper,,,BM+Wet,PQ had a BM and wet diaper (large)
66,2021-06-28 09:00,2021-06-28 09:05,Nursing,5.0,,,PQ nursed (5m left)
67,2021-06-28 07:55,2021-06-28 08:02,Nursing,7.0,,,PQ nursed (7m right)
68,2021-06-28 07:30,2021-06-28 07:30,Diaper,,,BM+Wet,PQ had a BM and wet diaper (medium)
69,2021-06-28 05:12,2021-06-28 05:17,Nursing,5.0,,,PQ nursed (5m right)
70,2021-06-28 04:40,2021-06-28 04:48,Nursing,8.0,,,PQ nursed (8m right)
71,2021-06-28 04:37,2021-06-28 04:37,Diaper,,,BM+Wet,PQ had a BM and wet diaper (small)
72,2021-06-28 03:30,2021-06-28 03:30,Diaper,,,Wet,PQ had a wet diaper (medium)
73,2021-06-28 02:25,2021-06-28 02:35,Nursing,10.0,,,"PQ nursed (5m right, 5m left)"
74,2021-06-28 02:35,2021-06-28 02:35,Diaper,,,Wet,PQ had a wet diaper (large)
75,2021-06-27 22:52,2021-06-27 22:52,Medicine,,1.0,drop(s),D drop: 1 drop(s)
76,2021-06-27 22:22,2021-06-27 22:32,Nursing,10.0,,,PQ nursed (10m right)
77,2021-06-27 21:30,2021-06-27 21:40,Nursing,10.0,,,PQ nursed (10m left)
78,2021-06-27 19:30,2021-06-27 19:40,Nursing,10.0,,,PQ nursed (10m right)
79,2021-06-27 18:39,2021-06-27 18:59,Nursing,20.0,,,"PQ nursed (10m left, 10m right)"
80,2021-06-27 16:40,2021-06-27 16:50,Nursing,10.0,,,PQ nursed (10m right)
81,2021-06-27 15:39,2021-06-27 15:39,Bottle,,40.0,Formula,PQ drank 40 ml of formula
82,2021-06-27 14:40,2021-06-27 15:00,Nursing,20.0,,,PQ nursed (20m left)
83,2021-06-27 13:55,2021-06-27 13:55,Diaper,,,BM+Wet,PQ had a BM and wet diaper (small)
84,2021-06-27 13:00,2021-06-27 13:00,Diaper,,,BM+Wet,PQ had a BM and wet diaper (small)
85,2021-06-27 12:25,2021-06-27 12:40,Nursing,15.0,,,PQ nursed (15m right)
86,2021-06-27 10:30,2021-06-27 10:45,Nursing,15.0,,,"PQ nursed (10m right, 5m left)"
87,2021-06-27 10:30,2021-06-27 10:30,Diaper,,,BM,PQ had a BM diaper (large)
88,2021-06-27 09:00,2021-06-27 09:07,Nursing,7.0,,,PQ nursed (7m right)
89,2021-06-27 08:30,2021-06-27 08:30,Diaper,,,BM,PQ had a BM diaper (medium)
90,2021-06-27 07:09,2021-06-27 07:09,Diaper,,,BM+Wet,PQ had a BM and wet diaper (large)
91,2021-06-27 06:15,2021-06-27 06:30,Nursing,15.0,,,PQ nursed (15m right)
92,2021-06-27 05:54,2021-06-27 05:54,Diaper,,,Wet,PQ had a wet diaper (large)
93,2021-06-27 02:45,2021-06-27 02:45,Diaper,,,BM+Wet,"PQ had a BM and wet diaper (small, green)"
94,2021-06-27 02:28,2021-06-27 02:39,Nursing,11.0,,,PQ nursed (11m left)
95,2021-06-26 23:05,2021-06-26 23:10,Nursing,5.0,,,PQ nursed (5m right)
96,2021-06-26 23:10,2021-06-26 23:10,Diaper,,,BM+Wet,PQ had a BM and wet diaper (small)
97,2021-06-26 20:02,2021-06-26 20:22,Nursing,20.0,,,PQ nursed (20m left)
98,2021-06-26 19:45,2021-06-26 19:45,Diaper,,,Wet,PQ had a wet diaper
99,2021-06-26 18:43,2021-06-26 18:55,Nursing,12.0,,,PQ nursed (12m right)
100,2021-06-26 18:18,2021-06-26 18:18,Diaper,,,Wet,PQ had a wet diaper (medium)
101,2021-06-26 16:20,2021-06-26 16:35,Nursing,15.0,,,PQ nursed (15m right)
102,2021-06-26 16:15,2021-06-26 16:15,Diaper,,,Wet,PQ had a wet diaper (large)
103,2021-06-26 15:25,2021-06-26 15:45,Nursing,20.0,,,PQ nursed (20m right)
104,2021-06-26 14:18,2021-06-26 14:18,Diaper,,,BM+Wet,PQ had a BM and wet diaper (large)
105,2021-06-26 14:00,2021-06-26 14:10,Nursing,10.0,,,PQ nursed (10m right)
106,2021-06-26 13:15,2021-06-26 13:15,Bottle,,50.0,Milk,PQ drank 50 ml of milk
107,2021-06-26 11:32,2021-06-26 11:41,Nursing,9.0,,,PQ nursed (9m right)
108,2021-06-26 11:16,2021-06-26 11:24,Nursing,8.0,,,PQ nursed (8m right)
109,2021-06-26 11:13,2021-06-26 11:13,Diaper,,,BM,PQ had a BM diaper (medium)
110,2021-06-26 10:51,2021-06-26 10:57,Nursing,6.0,,,PQ nursed (6m right)
111,2021-06-26 10:32,2021-06-26 10:32,Diaper,,,BM+Wet,PQ had a BM and wet diaper (small)
112,2021-06-26 09:30,2021-06-26 09:35,Nursing,5.0,,,PQ nursed (5m right)
113,2021-06-26 08:05,2021-06-26 08:12,Nursing,7.0,,,PQ nursed (7m right)
114,2021-06-26 08:00,2021-06-26 08:00,Diaper,,,Wet,PQ had a wet diaper (large)
115,2021-06-26 06:45,2021-06-26 07:05,Nursing,20.0,,,PQ nursed (20m right)
116,2021-06-26 06:42,2021-06-26 06:42,Diaper,,,BM,PQ had a BM diaper (large)
117,2021-06-26 06:35,2021-06-26 06:35,Diaper,,,BM+Wet,PQ had a BM and wet diaper (medium)
118,2021-06-26 03:31,2021-06-26 03:31,Diaper,,,Wet,PQ had a wet diaper (large)
119,2021-06-26 03:19,2021-06-26 03:31,Nursing,12.0,,,PQ nursed (12m right)
120,2021-06-25 23:30,2021-06-25 23:45,Nursing,15.0,,,PQ nursed (15m right)
121,2021-06-25 22:54,2021-06-25 22:54,Diaper,,,BM+Wet,PQ had a BM and wet diaper (large)
122,2021-06-25 22:34,2021-06-25 22:34,Diaper,,,BM+Wet,PQ had a BM and wet diaper (small)
123,2021-06-25 22:10,2021-06-25 22:17,Nursing,7.0,,,PQ nursed (7m right)
124,2021-06-25 20:00,2021-06-25 20:10,Nursing,10.0,,,PQ nursed (10m left)
125,2021-06-25 18:26,2021-06-25 18:34,Nursing,8.0,,,PQ nursed (8m left)
126,2021-06-25 17:02,2021-06-25 17:10,Nursing,8.0,,,PQ nursed (8m left)
127,2021-06-25 16:11,2021-06-25 16:23,Nursing,12.0,,,PQ nursed (12m right)
128,2021-06-25 16:21,2021-06-25 16:21,Diaper,,,BM+Wet,PQ had a BM and wet diaper (large)
129,2021-06-25 15:00,2021-06-25 15:10,Nursing,10.0,,,PQ nursed (10m right)
130,2021-06-25 13:02,2021-06-25 13:09,Nursing,7.0,,,PQ nursed (7m right)
131,2021-06-25 12:06,2021-06-25 12:06,Diaper,,,BM+Wet,PQ had a BM and wet diaper (medium)
132,2021-06-25 11:46,2021-06-25 11:56,Nursing,10.0,,,"PQ nursed (5m right, 5m left)"
133,2021-06-25 10:20,2021-06-25 10:25,Nursing,5.0,,,PQ nursed (5m right)
134,2021-06-25 09:10,2021-06-25 09:10,Diaper,,,Wet,PQ had a wet diaper (large)
135,2021-06-25 08:30,2021-06-25 08:45,Nursing,15.0,,,"PQ nursed (3m right, 12m left)"
136,2021-06-25 07:40,2021-06-25 07:40,Bottle,,30.0,Formula,PQ drank 30 ml of formula
137,2021-06-25 06:30,2021-06-25 06:45,Nursing,15.0,,,PQ nursed (15m right)
138,2021-06-25 06:21,2021-06-25 06:21,Diaper,,,BM+Wet,PQ had a BM and wet diaper (large)
139,2021-06-25 03:21,2021-06-25 03:39,Nursing,18.0,,,PQ nursed (18m right)
140,2021-06-25 03:35,2021-06-25 03:35,Medicine,,1.0,drop(s),D drop: 1 drop(s)
141,2021-06-25 03:15,2021-06-25 03:15,Diaper,,,Wet,PQ had a wet diaper (medium)
142,2021-06-25 01:38,2021-06-25 01:49,Nursing,11.0,,,PQ nursed (11m right)
143,2021-06-25 01:30,2021-06-25 01:30,Diaper,,,Wet,PQ had a wet diaper (large)
144,2021-06-24 22:55,2021-06-24 22:55,Diaper,,,Wet,PQ had a wet diaper (small)
145,2021-06-24 22:20,2021-06-24 22:27,Nursing,7.0,,,PQ nursed (7m right)
146,2021-06-24 21:45,2021-06-24 21:45,Diaper,,,BM+Wet,PQ had a BM and wet diaper (small)
147,2021-06-24 19:40,2021-06-24 19:50,Nursing,10.0,,,PQ nursed (10m right)
148,2021-06-24 19:32,2021-06-24 19:32,Diaper,,,Wet,PQ had a wet diaper (medium)
149,2021-06-24 18:35,2021-06-24 18:35,Diaper,,,BM+Wet,PQ had a BM and wet diaper (large)
150,2021-06-24 17:34,2021-06-24 17:44,Nursing,10.0,,,PQ nursed (10m left)
151,2021-06-24 15:20,2021-06-24 15:35,Nursing,15.0,,,PQ nursed (15m left)
152,2021-06-24 15:35,2021-06-24 15:35,Diaper,,,BM+Wet,PQ had a BM and wet diaper (medium)
153,2021-06-24 14:40,2021-06-24 14:45,Nursing,5.0,,,PQ nursed (5m left)
154,2021-06-24 13:30,2021-06-24 13:42,Nursing,12.0,,,PQ nursed (12m left)
155,2021-06-24 12:40,2021-06-24 12:40,Diaper,,,Wet,PQ had a wet diaper (small)
156,2021-06-24 11:55,2021-06-24 12:10,Nursing,15.0,,,PQ nursed (15m left)
157,2021-06-24 11:33,2021-06-24 11:33,Diaper,,,BM+Wet,PQ had a BM and wet diaper (medium)
158,2021-06-24 10:55,2021-06-24 11:03,Nursing,8.0,,,PQ nursed (8m right)
159,2021-06-24 10:00,2021-06-24 10:05,Nursing,5.0,,,PQ nursed (5m right)
160,2021-06-24 09:30,2021-06-24 09:30,Diaper,,,BM+Wet,PQ had a BM and wet diaper (small)
161,2021-06-24 09:02,2021-06-24 09:07,Nursing,5.0,,,PQ nursed (5m right)
162,2021-06-24 08:15,2021-06-24 08:15,Diaper,,,BM+Wet,PQ had a BM and wet diaper (medium)
163,2021-06-24 07:30,2021-06-24 07:49,Nursing,19.0,,,"PQ nursed (10m left, 9m right)"
164,2021-06-24 06:20,2021-06-24 06:37,Nursing,17.0,,,PQ nursed (17m right)
165,2021-06-24 06:00,2021-06-24 06:00,Diaper,,,BM+Wet,PQ had a BM and wet diaper (small)
166,2021-06-24 04:23,2021-06-24 04:36,Nursing,13.0,,,PQ nursed (13m right)
167,2021-06-24 04:27,2021-06-24 04:27,Diaper,,,Wet,PQ had a wet diaper (large)
168,2021-06-24 01:24,2021-06-24 01:37,Nursing,,,,PQ nursed (13.5m right)
169,2021-06-24 01:18,2021-06-24 01:18,Diaper,,,BM+Wet,PQ had a BM and wet diaper (large)
170,2021-06-23 22:00,2021-06-23 22:10,Nursing,10.0,,,PQ nursed (10m right)
171,2021-06-23 19:30,2021-06-23 19:35,Nursing,5.0,,,PQ nursed (5m right)
172,2021-06-23 18:06,2021-06-23 18:06,Bottle,,80.0,Formula,PQ drank 80 ml of formula
173,2021-06-23 16:20,2021-06-23 16:28,Nursing,8.0,,,PQ nursed (8m left)
174,2021-06-23 15:10,2021-06-23 15:17,Nursing,7.0,,,PQ nursed (7m right)
175,2021-06-23 14:30,2021-06-23 14:30,Diaper,,,Wet,PQ had a wet diaper (medium)
176,2021-06-23 13:55,2021-06-23 14:05,Nursing,10.0,,,"PQ nursed (2m left, 8m right)"
177,2021-06-23 11:20,2021-06-23 11:43,Nursing,23.0,,,"PQ nursed (5m left, 18m right)"
178,2021-06-23 11:06,2021-06-23 11:06,Diaper,,,BM+Wet,PQ had a BM and wet diaper
179,2021-06-23 09:28,2021-06-23 09:28,Diaper,,,BM+Wet,PQ had a BM and wet diaper (medium)
180,2021-06-23 08:45,2021-06-23 09:00,Nursing,15.0,,,PQ nursed (15m right)
181,2021-06-23 07:44,2021-06-23 07:44,Diaper,,,BM+Wet,PQ had a BM and wet diaper (large)
182,2021-06-23 07:25,2021-06-23 07:25,Bottle,,90.0,Milk,PQ drank 90 ml of milk
183,2021-06-23 05:57,2021-06-23 05:57,Diaper,,,BM+Wet,PQ had a BM and wet diaper (medium)
184,2021-06-23 04:55,2021-06-23 04:55,Diaper,,,Wet,PQ had a wet diaper (medium)
185,2021-06-23 04:20,2021-06-23 04:28,Nursing,8.0,,,PQ nursed (8m right)
186,2021-06-23 03:35,2021-06-23 03:40,Nursing,5.0,,,PQ nursed (5m left)
187,2021-06-23 01:46,2021-06-23 01:59,Nursing,13.0,,,"PQ nursed (10m right, 3m left)"
188,2021-06-23 01:40,2021-06-23 01:40,Diaper,,,BM+Wet,PQ had a BM and wet diaper (small)
189,2021-06-22 22:44,2021-06-22 22:52,Nursing,8.0,,,PQ nursed (8m right)
190,2021-06-22 22:28,2021-06-22 22:28,Diaper,,,BM,PQ had a BM diaper (medium)
191,2021-06-22 21:49,2021-06-22 22:00,Nursing,11.0,,,PQ nursed (11m right)
192,2021-06-22 21:33,2021-06-22 21:43,Nursing,10.0,,,"PQ nursed (5m right, 5m left)"
193,2021-06-22 21:30,2021-06-22 21:30,Diaper,,,BM+Wet,PQ had a BM and wet diaper (small)
194,2021-06-22 21:00,2021-06-22 21:00,Diaper,,,BM+Wet,PQ had a BM and wet diaper (small)
195,2021-06-22 20:10,2021-06-22 20:15,Nursing,5.0,,,PQ nursed (5m right)
196,2021-06-22 17:39,2021-06-22 17:54,Nursing,15.0,,,PQ nursed (15m right)
197,2021-06-22 16:52,2021-06-22 17:10,Nursing,18.0,,,PQ nursed (18m left)
198,2021-06-22 16:30,2021-06-22 16:30,Diaper,,,Wet,PQ had a wet diaper (medium)
199,2021-06-22 16:00,2021-06-22 16:11,Nursing,11.0,,,PQ nursed (11m right)
200,2021-06-22 14:32,2021-06-22 14:43,Nursing,11.0,,,PQ nursed (11m right)
201,2021-06-22 14:06,2021-06-22 14:22,Nursing,16.0,,,PQ nursed (16m right)
202,2021-06-22 12:45,2021-06-22 12:45,Diaper,,,Wet,PQ had a wet diaper
203,2021-06-22 12:19,2021-06-22 12:35,Nursing,16.0,,,PQ nursed (16m left)
204,2021-06-22 12:10,2021-06-22 12:10,Diaper,,,BM+Wet,PQ had a BM and wet diaper (medium)
205,2021-06-22 11:08,2021-06-22 11:08,Diaper,,,BM+Wet,PQ had a BM and wet diaper (small)
206,2021-06-22 09:55,2021-06-22 10:07,Nursing,12.0,,,PQ nursed (12m right)
207,2021-06-22 08:00,2021-06-22 08:05,Nursing,5.0,,,PQ nursed (5m right)
208,2021-06-22 07:40,2021-06-22 07:52,Nursing,12.0,,,PQ nursed (12m right)
209,2021-06-22 06:50,2021-06-22 06:50,Bottle,,50.0,Formula,PQ drank 50 ml of formula
210,2021-06-22 06:30,2021-06-22 06:30,Diaper,,,BM+Wet,"PQ had a BM and wet diaper (open-air accident, large)"
211,2021-06-22 05:00,2021-06-22 05:20,Nursing,20.0,,,PQ nursed (20m right)
212,2021-06-22 04:55,2021-06-22 04:55,Diaper,,,Wet,PQ had a wet diaper (medium)
213,2021-06-22 02:18,2021-06-22 02:18,Medicine,,1.0,drop(s),D drop: 1 drop(s)
214,2021-06-22 01:57,2021-06-22 02:04,Nursing,7.0,,,PQ nursed (7m right)
215,2021-06-22 01:50,2021-06-22 01:50,Bottle,,60.0,Milk,PQ drank 60 ml of milk
216,2021-06-22 01:50,2021-06-22 01:50,Diaper,,,BM+Wet,PQ had a BM and wet diaper (large)
217,2021-06-21 23:45,2021-06-21 23:45,Diaper,,,Wet,PQ had a wet diaper (large)
218,2021-06-21 23:30,2021-06-21 23:34,Nursing,4.0,,,PQ nursed (4m right)
219,2021-06-21 21:30,2021-06-21 21:38,Nursing,8.0,,,PQ nursed (8m left)
220,2021-06-21 21:00,2021-06-21 21:00,Diaper,,,Wet,PQ had a wet diaper (small)
221,2021-06-21 20:00,2021-06-21 20:07,Nursing,7.0,,,PQ nursed (7m right)
222,2021-06-21 20:07,2021-06-21 20:07,Diaper,,,BM+Wet,"PQ had a BM and wet diaper (diaper leak, large)"
223,2021-06-21 17:03,2021-06-21 17:15,Nursing,12.0,,,PQ nursed (12m left)
224,2021-06-21 16:58,2021-06-21 16:58,Diaper,,,Wet,PQ had a wet diaper (medium)
225,2021-06-21 16:13,2021-06-21 16:25,Nursing,12.0,,,PQ nursed (12m right)
226,2021-06-21 14:47,2021-06-21 14:54,Nursing,7.0,,,PQ nursed (7m left)
227,2021-06-21 13:25,2021-06-21 13:41,Nursing,16.0,,,"PQ nursed (8m left, 8m right)"
228,2021-06-21 13:00,2021-06-21 13:00,Diaper,,,Wet,PQ had a wet diaper (small)
229,2021-06-21 11:44,2021-06-21 12:01,Nursing,17.0,,,PQ nursed (17m right)
230,2021-06-21 11:00,2021-06-21 11:00,Diaper,,,Wet,PQ had a wet diaper (large)
231,2021-06-21 10:42,2021-06-21 10:52,Nursing,10.0,,,PQ nursed (10m right)
232,2021-06-21 08:41,2021-06-21 08:50,Nursing,9.0,,,PQ nursed (9m right)
233,2021-06-21 08:34,2021-06-21 08:34,Diaper,,,BM+Wet,PQ had a BM and wet diaper (medium)
234,2021-06-21 07:38,2021-06-21 07:44,Nursing,6.0,,,PQ nursed (6m right)
235,2021-06-21 07:05,2021-06-21 07:13,Nursing,8.0,,,PQ nursed (8m right)
236,2021-06-21 06:30,2021-06-21 06:30,Diaper,,,BM+Wet,PQ had a BM and wet diaper (small)
237,2021-06-21 04:10,2021-06-21 04:21,Nursing,11.0,,,PQ nursed (11m right)
238,2021-06-21 03:40,2021-06-21 03:40,Diaper,,,BM+Wet,"PQ had a BM and wet diaper (diaper leak, large)"
239,2021-06-21 03:16,2021-06-21 03:16,Bottle,,120.0,Milk,PQ drank 120 ml of milk
240,2021-06-21 03:10,2021-06-21 03:10,Diaper,,,BM+Wet,PQ had a BM and wet diaper (medium)
241,2021-06-20 22:55,2021-06-20 23:09,Nursing,14.0,,,PQ nursed (14m left)
242,2021-06-20 22:30,2021-06-20 22:30,Medicine,,1.0,drop(s),D drop: 1 drop(s)
243,2021-06-20 21:57,2021-06-20 21:57,Diaper,,,BM,PQ had a BM diaper (small)
244,2021-06-20 21:15,2021-06-20 21:20,Nursing,5.0,,,PQ nursed (5m right)
245,2021-06-20 20:30,2021-06-20 20:30,Diaper,,,BM+Wet,PQ had a BM and wet diaper (medium)
246,2021-06-20 19:37,2021-06-20 19:53,Nursing,16.0,,,"PQ nursed (5m left, 11m right)"
247,2021-06-20 18:00,2021-06-20 18:00,Diaper,,,Wet,PQ had a wet diaper (medium)
248,2021-06-20 17:45,2021-06-20 17:53,Nursing,8.0,,,PQ nursed (8m right)
249,2021-06-20 15:28,2021-06-20 15:28,Diaper,,,BM+Wet,PQ had a BM and wet diaper (small)
250,2021-06-20 14:50,2021-06-20 15:02,Nursing,12.0,,,PQ nursed (12m right)
251,2021-06-20 14:00,2021-06-20 14:10,Nursing,10.0,,,PQ nursed (10m left)
252,2021-06-20 12:00,2021-06-20 12:00,Diaper,,,Wet,PQ had a wet diaper (medium)
253,2021-06-20 11:15,2021-06-20 11:30,Nursing,15.0,,,PQ nursed (15m left)
254,2021-06-20 10:20,2021-06-20 10:38,Nursing,18.0,,,PQ nursed (18m right)
255,2021-06-20 09:40,2021-06-20 09:46,Nursing,,,,PQ nursed (6.5m right)
256,2021-06-20 07:40,2021-06-20 07:50,Nursing,10.0,,,PQ nursed (10m right)
257,2021-06-20 07:00,2021-06-20 07:00,Diaper,,,Wet,PQ had a wet diaper (small)
258,2021-06-20 06:49,2021-06-20 06:59,Nursing,10.0,,,PQ nursed (10m right)
259,2021-06-20 06:30,2021-06-20 06:30,Diaper,,,,PQ had a dry diaper
260,2021-06-20 04:55,2021-06-20 05:10,Nursing,15.0,,,"PQ nursed (2m right, 13m left)"
261,2021-06-20 04:40,2021-06-20 04:40,Diaper,,,Wet,PQ had a wet diaper (large)
262,2021-06-20 02:12,2021-06-20 02:12,Diaper,,,BM+Wet,"PQ had a BM and wet diaper (diaper leak, large)"
263,2021-06-20 02:00,2021-06-20 02:00,Bottle,,40.0,Milk,PQ drank 40 ml of milk
264,2021-06-20 01:52,2021-06-20 01:52,Diaper,,,BM+Wet,"PQ had a BM and wet diaper (diaper leak, large)"
265,2021-06-20 00:54,2021-06-20 01:04,Nursing,10.0,,,PQ nursed (10m right)
266,2021-06-20 00:43,2021-06-20 00:43,Diaper,,,BM+Wet,PQ had a BM and wet diaper (small)
267,2021-06-19 22:48,2021-06-19 22:48,Bottle,,50.0,Milk,PQ drank 50 ml of milk
268,2021-06-19 22:30,2021-06-19 22:30,Diaper,,,BM+Wet,PQ had a BM and wet diaper (medium)
269,2021-06-19 21:32,2021-06-19 21:42,Nursing,10.0,,,PQ nursed (10m left)
270,2021-06-19 20:55,2021-06-19 21:05,Nursing,10.0,,,PQ nursed (10m left)
271,2021-06-19 20:53,2021-06-19 20:53,Diaper,,,BM+Wet,PQ had a BM and wet diaper (large)
272,2021-06-19 19:51,2021-06-19 20:12,Nursing,21.0,,,PQ nursed (21m right)
273,2021-06-19 18:33,2021-06-19 18:41,Nursing,8.0,,,PQ nursed (8m right)
274,2021-06-19 17:50,2021-06-19 18:00,Nursing,10.0,,,PQ nursed (10m right)
275,2021-06-19 17:26,2021-06-19 17:26,Diaper,,,Wet,PQ had a wet diaper (small)
276,2021-06-19 17:00,2021-06-19 17:00,Diaper,,,BM+Wet,PQ had a BM and wet diaper (small)
277,2021-06-19 15:05,2021-06-19 15:20,Nursing,15.0,,,PQ nursed (15m right)
278,2021-06-19 14:33,2021-06-19 14:33,Diaper,,,Wet,PQ had a wet diaper (medium)
279,2021-06-19 12:49,2021-06-19 12:49,Diaper,,,Wet,PQ had a wet diaper (large)
280,2021-06-19 12:40,2021-06-19 12:47,Nursing,7.0,,,PQ nursed (7m right)
281,2021-06-19 10:43,2021-06-19 10:56,Nursing,13.0,,,PQ nursed (13m right)
282,2021-06-19 10:33,2021-06-19 10:33,Diaper,,,BM+Wet,PQ had a BM and wet diaper (small)
283,2021-06-19 09:11,2021-06-19 09:20,Nursing,9.0,,,PQ nursed (9m right)
284,2021-06-19 09:00,2021-06-19 09:00,Diaper,,,Wet,PQ had a wet diaper (large)
285,2021-06-19 07:37,2021-06-19 07:42,Nursing,5.0,,,PQ nursed (5m right)
286,2021-06-19 05:30,2021-06-19 07:40,Sleep,130.0,,,PQ is awake (2h10m)
287,2021-06-19 07:25,2021-06-19 07:25,Bottle,,40.0,Milk,PQ drank 40 ml of milk
288,2021-06-19 06:30,2021-06-19 06:30,Bottle,,100.0,Milk,PQ drank 100 ml of milk
289,2021-06-19 05:55,2021-06-19 05:55,Diaper,,,BM,"PQ had a BM diaper (large, light brown)"
290,2021-06-19 05:45,2021-06-19 05:45,Diaper,,,BM+Wet,"PQ had a BM and wet diaper (large, green)"
291,2021-06-19 03:25,2021-06-19 03:46,Nursing,21.0,,,PQ nursed (21m right)
292,2021-06-19 03:10,2021-06-19 03:30,Sleep,20.0,,,PQ is awake (20m)
293,2021-06-19 03:20,2021-06-19 03:20,Diaper,,,Wet,PQ had a wet diaper (medium)
294,2021-06-18 23:30,2021-06-19 00:30,Sleep,60.0,,,PQ is awake (1h)
295,2021-06-19 00:05,2021-06-19 00:05,Diaper,,,BM+Wet,PQ had a BM and wet diaper (large)
296,2021-06-18 23:10,2021-06-18 23:10,Bottle,,100.0,Milk,PQ drank 100 ml of milk
297,2021-06-18 21:52,2021-06-18 21:57,Nursing,5.0,,,PQ nursed (5m left)
298,2021-06-18 21:51,2021-06-18 21:51,Diaper,,,BM+Wet,PQ had a BM and wet diaper (medium)
299,2021-06-18 19:35,2021-06-18 19:43,Nursing,8.0,,,PQ nursed (8m left)
300,2021-06-18 19:21,2021-06-18 19:26,Nursing,5.0,,,PQ nursed (5m right)
301,2021-06-18 18:40,2021-06-18 18:58,Nursing,18.0,,,PQ nursed (18m left)
302,2021-06-18 18:30,2021-06-18 18:30,Diaper,,,BM+Wet,PQ had a BM and wet diaper (small)
303,2021-06-18 15:00,2021-06-18 15:25,Nursing,25.0,,,PQ nursed (25m right)
304,2021-06-18 11:00,2021-06-18 11:04,Nursing,4.0,,,PQ nursed (4m right)
305,2021-06-18 11:00,2021-06-18 11:00,Diaper,,,Wet,PQ had a wet diaper
306,2021-06-18 10:32,2021-06-18 10:40,Nursing,8.0,,,PQ nursed (8m right)
307,2021-06-18 09:50,2021-06-18 09:55,Nursing,5.0,,,PQ nursed (5m right)
308,2021-06-18 09:30,2021-06-18 09:30,Diaper,,,BM+Wet,PQ had a BM and wet diaper (small)
309,2021-06-18 07:54,2021-06-18 08:01,Nursing,7.0,,,PQ nursed (7m right)
310,2021-06-18 07:43,2021-06-18 07:43,Diaper,,,Wet,PQ had a wet diaper (medium)
311,2021-06-18 07:00,2021-06-18 07:10,Nursing,10.0,,,PQ nursed (10m right)
312,2021-06-18 06:53,2021-06-18 06:53,Diaper,,,Wet,PQ had a wet diaper (large)
313,2021-06-18 05:30,2021-06-18 05:30,Bottle,,90.0,Milk,PQ drank 90 ml of milk
314,2021-06-18 05:10,2021-06-18 05:10,Diaper,,,BM,PQ had a BM diaper (large)
315,2021-06-18 04:50,2021-06-18 04:50,Bottle,,40.0,Milk,PQ drank 40 ml of milk
316,2021-06-18 04:45,2021-06-18 04:45,Diaper,,,BM+Wet,PQ had a BM and wet diaper (medium)
317,2021-06-18 02:50,2021-06-18 02:57,Nursing,7.0,,,PQ nursed (7m right)
318,2021-06-18 02:40,2021-06-18 02:40,Bottle,,50.0,Milk,PQ drank 50 ml of milk
319,2021-06-18 02:30,2021-06-18 02:30,Diaper,,,Wet,PQ had a wet diaper (large)
320,2021-06-18 00:15,2021-06-18 00:15,Diaper,,,BM+Wet,PQ had a BM and wet diaper (small)
321,2021-06-18 00:15,2021-06-18 00:15,Bottle,,70.0,Milk,PQ drank 70 ml of milk
322,2021-06-17 22:20,2021-06-17 22:20,Diaper,,,BM+Wet,PQ had a BM and wet diaper (large)
323,2021-06-17 20:00,2021-06-17 20:10,Nursing,10.0,,,PQ nursed (10m right)
324,2021-06-17 19:57,2021-06-17 19:57,Diaper,,,BM+Wet,PQ had a BM and wet diaper (small)
325,2021-06-17 19:36,2021-06-17 19:43,Nursing,7.0,,,PQ nursed (7m right)
326,2021-06-17 17:08,2021-06-17 17:15,Nursing,7.0,,,PQ nursed (7m right)
327,2021-06-17 16:40,2021-06-17 16:45,Nursing,5.0,,,PQ nursed (5m right)
328,2021-06-17 14:45,2021-06-17 14:50,Nursing,5.0,,,PQ nursed (5m right)
329,2021-06-17 12:45,2021-06-17 12:45,Diaper,,,BM+Wet,PQ had a BM and wet diaper (small)
330,2021-06-17 12:30,2021-06-17 12:40,Nursing,10.0,,,PQ nursed (10m right)
331,2021-06-17 12:01,2021-06-17 12:07,Nursing,6.0,,,PQ nursed (6m left)
332,2021-06-17 12:00,2021-06-17 12:00,Diaper,,,Wet,PQ had a wet diaper
333,2021-06-17 11:30,2021-06-17 11:40,Nursing,10.0,,,PQ nursed (10m left)
334,2021-06-17 10:33,2021-06-17 10:38,Nursing,5.0,,,PQ nursed (5m right)
335,2021-06-17 10:20,2021-06-17 10:20,Bottle,,60.0,Formula,PQ drank 60 ml of formula
336,2021-06-17 08:30,2021-06-17 08:34,Nursing,4.0,,,PQ nursed (4m right)
337,2021-06-17 07:50,2021-06-17 07:57,Nursing,7.0,,,PQ nursed (7m right)
338,2021-06-17 07:20,2021-06-17 07:20,Diaper,,,Wet,PQ had a wet diaper
339,2021-06-17 05:58,2021-06-17 05:58,Bottle,,90.0,Milk,PQ drank 90 ml of milk
340,2021-06-17 05:38,2021-06-17 05:38,Diaper,,,BM+Wet,PQ had a BM and wet diaper (large)
341,2021-06-17 03:30,2021-06-17 03:37,Nursing,7.0,,,PQ nursed (7m right)
342,2021-06-17 02:38,2021-06-17 02:47,Nursing,9.0,,,PQ nursed (9m right)
343,2021-06-17 01:32,2021-06-17 01:32,Bottle,,80.0,Milk,PQ drank 80 ml of milk
344,2021-06-17 01:20,2021-06-17 01:26,Nursing,6.0,,,PQ nursed (6m right)
345,2021-06-17 01:09,2021-06-17 01:09,Diaper,,,Wet,PQ had a wet diaper (large)
346,2021-06-16 22:01,2021-06-16 22:10,Nursing,9.0,,,PQ nursed (9m right)
347,2021-06-16 21:00,2021-06-16 21:07,Nursing,7.0,,,PQ nursed (7m right)
348,2021-06-16 19:30,2021-06-16 19:40,Nursing,10.0,,,"PQ nursed (5m right, 5m left)"
349,2021-06-16 18:30,2021-06-16 18:30,Diaper,,,BM+Wet,PQ had a BM and wet diaper
350,2021-06-16 17:25,2021-06-16 17:25,Diaper,,,BM+Wet,PQ had a BM and wet diaper (medium)
351,2021-06-16 17:10,2021-06-16 17:15,Nursing,5.0,,,PQ nursed (5m right)
352,2021-06-16 15:48,2021-06-16 15:55,Nursing,7.0,,,PQ nursed (7m left)
353,2021-06-16 15:20,2021-06-16 15:20,Diaper,,,Wet,PQ had a wet diaper (medium)
354,2021-06-16 15:00,2021-06-16 15:15,Nursing,15.0,,,PQ nursed (15m right)
355,2021-06-16 14:00,2021-06-16 14:17,Nursing,17.0,,,PQ nursed (17m left)
356,2021-06-16 13:35,2021-06-16 13:35,Diaper,,,Wet,PQ had a wet diaper (large)
357,2021-06-16 10:11,2021-06-16 10:25,Nursing,14.0,,,PQ nursed (14m right)
358,2021-06-16 10:00,2021-06-16 10:00,Diaper,,,BM,PQ had a BM diaper (large)
359,2021-06-16 07:45,2021-06-16 07:45,Bottle,,85.0,Milk,PQ drank 85 ml of milk
360,2021-06-16 07:17,2021-06-16 07:17,Bottle,,30.0,Milk,PQ drank 30 ml of milk
361,2021-06-16 07:15,2021-06-16 07:15,Diaper,,,Wet,PQ had a wet diaper
362,2021-06-16 06:00,2021-06-16 06:05,Nursing,5.0,,,PQ nursed (5m left)
363,2021-06-16 05:54,2021-06-16 05:54,Diaper,,,Wet,PQ had a wet diaper (medium)
364,2021-06-16 05:43,2021-06-16 05:53,Nursing,10.0,,,PQ nursed (10m right)
365,2021-06-16 04:50,2021-06-16 04:55,Nursing,5.0,,,PQ nursed (5m right)
366,2021-06-16 04:42,2021-06-16 04:42,Diaper,,,Wet,PQ had a wet diaper (medium)
367,2021-06-16 04:02,2021-06-16 04:17,Nursing,15.0,,,PQ nursed (15m right)
368,2021-06-16 01:02,2021-06-16 01:02,Diaper,,,BM+Wet,PQ had a BM and wet diaper (large)
369,2021-06-16 01:02,2021-06-16 01:02,Bottle,,85.0,Milk,PQ drank 85 ml of milk
370,2021-06-15 23:36,2021-06-15 23:36,Message,,,,Milk out 11:15
371,2021-06-15 23:00,2021-06-15 23:05,Nursing,5.0,,,PQ nursed (5m right)
372,2021-06-15 22:12,2021-06-15 22:24,Nursing,12.0,,,PQ nursed (12m right)
373,2021-06-15 22:02,2021-06-15 22:02,Medicine,,1.0,drop(s),D drop: 1 drop(s)
374,2021-06-15 21:30,2021-06-15 21:30,Bottle,,30.0,Milk,PQ drank 30 ml of milk
375,2021-06-15 20:39,2021-06-15 20:49,Nursing,10.0,,,PQ nursed (10m right)
376,2021-06-15 18:52,2021-06-15 18:52,Diaper,,,BM+Wet,PQ had a BM and wet diaper (medium)
377,2021-06-15 18:27,2021-06-15 18:32,Nursing,5.0,,,PQ nursed (5m right)
378,2021-06-15 18:00,2021-06-15 18:05,Nursing,5.0,,,PQ nursed (5m left)
379,2021-06-15 17:49,2021-06-15 17:49,Diaper,,,BM+Wet,PQ had a BM and wet diaper (medium)
380,2021-06-15 17:20,2021-06-15 17:25,Nursing,5.0,,,PQ nursed (5m right)
381,2021-06-15 16:43,2021-06-15 16:56,Nursing,13.0,,,PQ nursed (13m right)
382,2021-06-15 15:41,2021-06-15 15:41,Diaper,,,BM,PQ had a BM diaper (small)
383,2021-06-15 14:58,2021-06-15 15:03,Nursing,5.0,,,"PQ nursed (3m right, 2m left)"
384,2021-06-15 14:00,2021-06-15 14:00,Diaper,,,BM,PQ had a BM diaper (large)
385,2021-06-15 12:30,2021-06-15 12:46,Nursing,16.0,,,PQ nursed (16m right)
386,2021-06-15 12:23,2021-06-15 12:30,Nursing,7.0,,,PQ nursed (7m right)
387,2021-06-15 12:09,2021-06-15 12:09,Diaper,,,Wet,PQ had a wet diaper
388,2021-06-15 11:09,2021-06-15 11:09,Diaper,,,Wet,PQ had a wet diaper
389,2021-06-15 09:44,2021-06-15 09:57,Nursing,13.0,,,PQ nursed (13m right)
390,2021-06-15 09:35,2021-06-15 09:35,Diaper,,,BM+Wet,PQ had a BM and wet diaper (medium)
391,2021-06-15 07:34,2021-06-15 07:34,Bottle,,15.0,Milk,PQ drank 15 ml of milk
392,2021-06-15 07:17,2021-06-15 07:29,Nursing,12.0,,,PQ nursed (12m right)
393,2021-06-15 07:10,2021-06-15 07:10,Diaper,,,Wet,PQ had a wet diaper (large)
394,2021-06-15 04:30,2021-06-15 04:35,Nursing,5.0,,,PQ nursed (5m right)
395,2021-06-15 04:00,2021-06-15 04:05,Nursing,5.0,,,PQ nursed (5m right)
396,2021-06-15 03:24,2021-06-15 03:24,Diaper,,,,PQ had a dry diaper
397,2021-06-15 03:20,2021-06-15 03:20,Bottle,,110.0,Milk,PQ drank 110 ml of milk
398,2021-06-14 23:30,2021-06-14 23:43,Nursing,13.0,,,PQ nursed (13m left)
399,2021-06-14 23:10,2021-06-14 23:10,Diaper,,,BM+Wet,PQ had a BM and wet diaper (small)
400,2021-06-14 22:50,2021-06-14 22:50,Medicine,,1.0,drop(s),D drop: 1 drop(s)
401,2021-06-14 22:40,2021-06-14 22:40,Bottle,,30.0,Milk,PQ drank 30 ml of milk
402,2021-06-14 19:23,2021-06-14 19:31,Nursing,8.0,,,PQ nursed (8m right)
403,2021-06-14 19:23,2021-06-14 19:23,Diaper,,,BM+Wet,PQ had a BM and wet diaper (medium)
404,2021-06-14 17:35,2021-06-14 17:48,Nursing,13.0,,,PQ nursed (13m right)
405,2021-06-14 15:29,2021-06-14 15:29,Diaper,,,BM+Wet,PQ had a BM and wet diaper (small)
406,2021-06-14 14:20,2021-06-14 14:30,Nursing,10.0,,,PQ nursed (10m left)
407,2021-06-14 13:12,2021-06-14 13:22,Nursing,10.0,,,"PQ nursed (8m right, 2m left)"
408,2021-06-14 13:20,2021-06-14 13:20,Diaper,,,BM+Wet,PQ had a BM and wet diaper (large)
409,2021-06-14 11:33,2021-06-14 11:33,Diaper,,,BM+Wet,PQ had a BM and wet diaper (small)
410,2021-06-14 10:50,2021-06-14 11:05,Nursing,15.0,,,PQ nursed (15m right)
411,2021-06-14 10:15,2021-06-14 10:19,Nursing,4.0,,,PQ nursed (4m right)
412,2021-06-14 10:17,2021-06-14 10:17,Diaper,,,Wet,PQ had a wet diaper (large)
413,2021-06-14 09:50,2021-06-14 10:00,Nursing,10.0,,,PQ nursed (10m right)
414,2021-06-14 07:13,2021-06-14 07:13,Diaper,,,Wet,PQ had a wet diaper
415,2021-06-14 06:40,2021-06-14 06:54,Nursing,14.0,,,PQ nursed (14m right)
416,2021-06-14 06:34,2021-06-14 06:34,Bottle,,50.0,Milk,PQ drank 50 ml of milk
417,2021-06-14 03:30,2021-06-14 04:00,Sleep,30.0,,,PQ is awake (30m)
418,2021-06-14 03:45,2021-06-14 03:45,Diaper,,,BM+Wet,"PQ had a BM and wet diaper (large, green)"
419,2021-06-14 03:15,2021-06-14 03:15,Bottle,,50.0,Milk,PQ drank 50 ml of milk
420,2021-06-14 02:50,2021-06-14 02:50,Bottle,,25.0,Milk,PQ drank 25 ml of milk
421,2021-06-14 02:08,2021-06-14 02:08,Bottle,,30.0,Milk,PQ drank 30 ml of milk
422,2021-06-14 01:34,2021-06-14 01:34,Bottle,,40.0,Milk,PQ drank 40 ml of milk
423,2021-06-14 01:05,2021-06-14 01:15,Nursing,10.0,,,PQ nursed (10m right)
424,2021-06-14 01:00,2021-06-14 01:00,Diaper,,,BM+Wet,PQ had a BM and wet diaper
425,2021-06-13 23:08,2021-06-13 23:08,Medicine,,1.0,drop(s),D drop: 1 drop(s)
426,2021-06-13 22:30,2021-06-13 22:30,Bottle,,75.0,Milk,PQ drank 75 ml of milk
427,2021-06-13 21:30,2021-06-13 21:30,Diaper,,,BM+Wet,PQ had a BM and wet diaper (small)
428,2021-06-13 20:00,2021-06-13 20:10,Nursing,10.0,,,PQ nursed (10m right)
429,2021-06-13 19:55,2021-06-13 19:55,Diaper,,,BM+Wet,PQ had a BM and wet diaper (large)
430,2021-06-13 18:40,2021-06-13 18:45,Nursing,5.0,,,PQ nursed (5m right)
431,2021-06-13 18:30,2021-06-13 18:30,Diaper,,,BM+Wet,PQ had a BM and wet diaper (large)
432,2021-06-13 17:00,2021-06-13 17:30,Nursing,30.0,,,PQ nursed (30m right)
433,2021-06-13 15:41,2021-06-13 15:41,Diaper,,,BM,PQ had a BM diaper
434,2021-06-13 14:45,2021-06-13 15:15,Nursing,30.0,,,"PQ nursed (15m right, 15m left)"
435,2021-06-13 15:01,2021-06-13 15:01,Diaper,,,BM,PQ had a BM diaper (medium)
436,2021-06-13 12:50,2021-06-13 13:03,Nursing,13.0,,,PQ nursed (13m right)
437,2021-06-13 12:42,2021-06-13 12:42,Diaper,,,Wet,PQ had a wet diaper
438,2021-06-13 10:55,2021-06-13 11:05,Nursing,10.0,,,PQ nursed (10m right)
439,2021-06-13 09:40,2021-06-13 09:46,Nursing,6.0,,,PQ nursed (6m right)
440,2021-06-13 09:15,2021-06-13 09:25,Nursing,10.0,,,"PQ nursed (5m right, 5m left)"
441,2021-06-13 09:05,2021-06-13 09:05,Diaper,,,BM+Wet,PQ had a BM and wet diaper (small)
442,2021-06-13 08:00,2021-06-13 08:11,Nursing,11.0,,,PQ nursed (11m right)
443,2021-06-13 07:38,2021-06-13 07:43,Nursing,5.0,,,PQ nursed (5m right)
444,2021-06-13 07:12,2021-06-13 07:12,Diaper,,,Wet,PQ had a wet diaper (large)
445,2021-06-13 06:43,2021-06-13 06:43,Bottle,,100.0,Milk,PQ drank 100 ml of milk
446,2021-06-13 04:00,2021-06-13 04:07,Nursing,7.0,,,PQ nursed (7m right)
447,2021-06-13 03:32,2021-06-13 03:32,Diaper,,,Wet,PQ had a wet diaper
448,2021-06-13 03:30,2021-06-13 03:30,Bottle,,15.0,Milk,PQ drank 15 ml of milk
449,2021-06-13 03:10,2021-06-13 03:18,Nursing,8.0,,,PQ nursed (8m right)
450,2021-06-13 03:09,2021-06-13 03:09,Medicine,,1.0,drop(s),D drop: 1 drop(s)
451,2021-06-13 03:09,2021-06-13 03:09,Bottle,,50.0,Milk,PQ drank 50 ml of milk
452,2021-06-13 03:02,2021-06-13 03:02,Diaper,,,BM+Wet,PQ had a BM and wet diaper (large)
453,2021-06-13 00:00,2021-06-13 00:00,Bottle,,30.0,Milk,PQ drank 30 ml of milk
454,2021-06-12 23:23,2021-06-12 23:36,Nursing,13.0,,,PQ nursed (13m left)
455,2021-06-12 22:47,2021-06-12 22:47,Bottle,,50.0,Milk,PQ drank 50 ml of milk
456,2021-06-12 21:10,2021-06-12 21:30,Nursing,20.0,,,PQ nursed (20m right)
457,2021-06-12 20:00,2021-06-12 20:11,Nursing,11.0,,,PQ nursed (11m left)
458,2021-06-12 19:23,2021-06-12 19:35,Nursing,12.0,,,PQ nursed (12m right)
459,2021-06-12 19:00,2021-06-12 19:00,Diaper,,,BM+Wet,PQ had a BM and wet diaper (medium)
460,2021-06-12 18:00,2021-06-12 18:05,Nursing,5.0,,,PQ nursed (5m right)
461,2021-06-12 15:00,2021-06-12 15:07,Nursing,7.0,,,PQ nursed (7m left)
462,2021-06-12 13:15,2021-06-12 13:23,Nursing,8.0,,,PQ nursed (8m left)
463,2021-06-12 11:20,2021-06-12 11:28,Nursing,8.0,,,PQ nursed (8m left)
464,2021-06-12 10:26,2021-06-12 10:26,Diaper,,,BM+Wet,PQ had a BM and wet diaper
465,2021-06-12 09:30,2021-06-12 09:38,Nursing,8.0,,,PQ nursed (8m right)
466,2021-06-12 08:00,2021-06-12 08:16,Nursing,16.0,,,PQ nursed (16m right)
467,2021-06-12 07:36,2021-06-12 07:36,Diaper,,,Wet,PQ had a wet diaper
468,2021-06-12 06:25,2021-06-12 06:25,Diaper,,,BM+Wet,PQ had a BM and wet diaper (medium)
469,2021-06-12 06:25,2021-06-12 06:25,Bottle,,40.0,Milk,PQ drank 40 ml of milk
470,2021-06-12 05:59,2021-06-12 06:03,Nursing,4.0,,,PQ nursed (4m right)
471,2021-06-12 05:04,2021-06-12 05:04,Diaper,,,BM,PQ had a BM diaper
472,2021-06-12 04:41,2021-06-12 04:49,Nursing,8.0,,,PQ nursed (8m right)
473,2021-06-12 04:46,2021-06-12 04:46,Bottle,,80.0,Milk,PQ drank 80 ml of milk
474,2021-06-12 04:46,2021-06-12 04:46,Diaper,,,Wet,PQ had a wet diaper
475,2021-06-12 03:30,2021-06-12 03:30,Bottle,,90.0,Milk,PQ drank 90 ml of milk
476,2021-06-12 00:45,2021-06-12 00:45,Medicine,,1.0,drop(s),D drop: 1 drop(s)
477,2021-06-12 00:45,2021-06-12 00:45,Bottle,,60.0,Milk,PQ drank 60 ml of milk
478,2021-06-12 00:00,2021-06-12 00:00,Diaper,,,BM+Wet,PQ had a BM and wet diaper (small)
479,2021-06-11 20:36,2021-06-11 20:52,Nursing,16.0,,,PQ nursed (16m left)
480,2021-06-11 18:08,2021-06-11 18:08,Diaper,,,BM+Wet,PQ had a BM and wet diaper (large)
481,2021-06-11 16:00,2021-06-11 16:00,Diaper,,,BM+Wet,PQ had a BM and wet diaper
482,2021-06-11 15:00,2021-06-11 15:15,Nursing,15.0,,,PQ nursed (15m right)
483,2021-06-11 13:07,2021-06-11 13:07,Diaper,,,BM+Wet,PQ had a BM and wet diaper (small)
484,2021-06-11 12:30,2021-06-11 13:00,Nursing,30.0,,,"PQ nursed (15m right, 15m left)"
485,2021-06-11 11:40,2021-06-11 11:40,Diaper,,,BM+Wet,PQ had a BM and wet diaper (small)
486,2021-06-11 10:30,2021-06-11 10:45,Nursing,15.0,,,PQ nursed (15m left)
487,2021-06-11 08:10,2021-06-11 08:25,Nursing,15.0,,,PQ nursed (15m left)
488,2021-06-11 06:58,2021-06-11 06:58,Diaper,,,BM+Wet,PQ had a BM and wet diaper (large)
489,2021-06-11 06:30,2021-06-11 06:30,Bottle,,100.0,Milk,PQ drank 100 ml of milk
490,2021-06-11 04:15,2021-06-11 04:15,Bottle,,40.0,Milk,PQ drank 40 ml of milk
491,2021-06-11 04:10,2021-06-11 04:10,Diaper,,,BM+Wet,PQ had a BM and wet diaper (small)
492,2021-06-11 03:34,2021-06-11 03:39,Nursing,5.0,,,PQ nursed (5m right)
493,2021-06-11 03:09,2021-06-11 03:09,Diaper,,,BM+Wet,PQ had a BM and wet diaper (medium)
494,2021-06-11 03:09,2021-06-11 03:09,Bottle,,80.0,Milk,PQ drank 80 ml of milk
495,2021-06-11 02:30,2021-06-11 02:50,Nursing,20.0,,,PQ nursed (20m left)
496,2021-06-11 00:18,2021-06-11 00:18,Bottle,,45.0,Milk,PQ drank 45 ml of milk
497,2021-06-10 23:48,2021-06-10 23:48,Medicine,,1.0,drop(s),D drop: 1 drop(s)
498,2021-06-10 22:38,2021-06-10 22:38,Diaper,,,Wet,PQ had a wet diaper
499,2021-06-10 22:00,2021-06-10 22:30,Nursing,30.0,,,"PQ nursed (20m right, 10m left)"
500,2021-06-10 22:00,2021-06-10 22:00,Diaper,,,BM+Wet,PQ had a BM and wet diaper (large)
501,2021-06-10 19:00,2021-06-10 19:11,Nursing,11.0,,,PQ nursed (11m right)
502,2021-06-10 18:20,2021-06-10 18:34,Nursing,14.0,,,"PQ nursed (12m left, 2m right)"
503,2021-06-10 15:00,2021-06-10 15:08,Nursing,8.0,,,PQ nursed (8m right)
504,2021-06-10 14:50,2021-06-10 14:55,Nursing,5.0,,,PQ nursed (5m right)
505,2021-06-10 14:50,2021-06-10 14:50,Diaper,,,Wet,PQ had a wet diaper
506,2021-06-10 14:41,2021-06-10 14:49,Nursing,8.0,,,PQ nursed (8m right)
507,2021-06-10 12:03,2021-06-10 12:23,Nursing,20.0,,,PQ nursed (20m left)
508,2021-06-10 11:00,2021-06-10 11:10,Nursing,10.0,,,"PQ nursed (5m right, 5m left)"
509,2021-06-10 11:00,2021-06-10 11:00,Diaper,,,Wet,PQ had a wet diaper (large)
510,2021-06-10 10:00,2021-06-10 10:00,Bottle,,60.0,Water,PQ drank 60 ml of water
511,2021-06-10 08:20,2021-06-10 08:40,Nursing,20.0,,,"PQ nursed (15m left, 5m right)"
512,2021-06-10 07:18,2021-06-10 07:18,Bottle,,80.0,Formula,PQ drank 80 ml of formula
513,2021-06-10 06:53,2021-06-10 06:53,Diaper,,,Wet,PQ had a wet diaper (large)
514,2021-06-10 04:53,2021-06-10 04:53,Bottle,,45.0,Milk,PQ drank 45 ml of milk
515,2021-06-10 03:52,2021-06-10 03:52,Bottle,,45.0,Milk,PQ drank 45 ml of milk
516,2021-06-10 03:28,2021-06-10 03:28,Diaper,,,BM,"PQ had a BM diaper (large, mucousy, mustard)"
517,2021-06-10 02:50,2021-06-10 03:05,Nursing,15.0,,,PQ nursed (15m right)
518,2021-06-10 02:30,2021-06-10 02:30,Diaper,,,BM+Wet,PQ had a BM and wet diaper
519,2021-06-10 01:24,2021-06-10 01:24,Bottle,,90.0,Milk,PQ drank 90 ml of milk
520,2021-06-9 23:37,2021-06-9 23:37,Bottle,,20.0,Milk,PQ drank 20 ml of milk
521,2021-06-9 23:28,2021-06-9 23:28,Diaper,,,Wet,PQ had a wet diaper
522,2021-06-9 23:07,2021-06-9 23:27,Nursing,20.0,,,"PQ nursed (15m right, 5m left)"
523,2021-06-9 22:08,2021-06-9 22:08,Diaper,,,BM+Wet,PQ had a BM and wet diaper (medium)
524,2021-06-9 21:31,2021-06-9 21:41,Nursing,10.0,,,PQ nursed (10m right)
525,2021-06-9 21:02,2021-06-9 21:02,Medicine,,1.0,drop(s),D drop: 1 drop(s)
526,2021-06-9 20:30,2021-06-9 20:30,Bottle,,80.0,Milk,PQ drank 80 ml of milk
527,2021-06-9 20:10,2021-06-9 20:20,Nursing,10.0,,,"PQ nursed (5m right, 5m left)"
528,2021-06-9 20:10,2021-06-9 20:10,Diaper,,,BM,PQ had a BM diaper (medium)
529,2021-06-9 18:34,2021-06-9 18:47,Nursing,13.0,,,PQ nursed (13m right)
530,2021-06-9 18:30,2021-06-9 18:30,Diaper,,,BM,PQ had a BM diaper
531,2021-06-9 17:40,2021-06-9 17:40,Diaper,,,BM+Wet,PQ had a BM and wet diaper (medium)
532,2021-06-9 17:00,2021-06-9 17:06,Nursing,6.0,,,"PQ nursed (3m right, 3m left)"
533,2021-06-9 16:05,2021-06-9 16:13,Nursing,8.0,,,PQ nursed (8m right)
534,2021-06-9 16:00,2021-06-9 16:00,Diaper,,,BM+Wet,PQ had a BM and wet diaper (medium)
535,2021-06-9 15:05,2021-06-9 15:17,Nursing,12.0,,,PQ nursed (12m right)
536,2021-06-9 15:17,2021-06-9 15:17,Diaper,,,BM+Wet,PQ had a BM and wet diaper (small)
537,2021-06-9 12:15,2021-06-9 12:15,Diaper,,,BM+Wet,PQ had a BM and wet diaper (medium)
538,2021-06-9 11:30,2021-06-9 11:40,Nursing,10.0,,,PQ nursed (10m right)
539,2021-06-9 10:30,2021-06-9 10:35,Nursing,5.0,,,PQ nursed (5m right)
540,2021-06-9 08:04,2021-06-9 08:19,Nursing,15.0,,,PQ nursed (15m left)
541,2021-06-9 07:02,2021-06-9 07:02,Diaper,,,Wet,PQ had a wet diaper (large)
542,2021-06-9 06:01,2021-06-9 06:01,Diaper,,,Wet,PQ had a wet diaper
543,2021-06-9 05:45,2021-06-9 05:55,Nursing,10.0,,,PQ nursed (10m left)
544,2021-06-9 05:30,2021-06-9 05:35,Nursing,5.0,,,PQ nursed (5m left)
545,2021-06-9 04:40,2021-06-9 04:50,Nursing,10.0,,,PQ nursed (10m right)
546,2021-06-9 04:15,2021-06-9 04:15,Bottle,,40.0,Milk,PQ drank 40 ml of milk
547,2021-06-9 03:50,2021-06-9 03:50,Diaper,,,BM,"PQ had a BM diaper (diaper leak, large)"
548,2021-06-9 03:30,2021-06-9 03:30,Bottle,,50.0,Milk,PQ drank 50 ml of milk
549,2021-06-9 02:30,2021-06-9 02:30,Bottle,,55.0,Milk,PQ drank 55 ml of milk
550,2021-06-9 02:00,2021-06-9 02:15,Nursing,15.0,,,PQ nursed (15m right)
551,2021-06-8 23:50,2021-06-8 23:50,Bottle,,70.0,Milk,PQ drank 70 ml of milk
552,2021-06-8 23:40,2021-06-8 23:40,Diaper,,,BM+Wet,PQ had a BM and wet diaper (small)
553,2021-06-8 23:30,2021-06-8 23:30,Bottle,,40.0,Formula,PQ drank 40 ml of formula
554,2021-06-8 23:30,2021-06-8 23:30,Medicine,,1.0,drop(s),D drop: 1 drop(s)
555,2021-06-8 22:40,2021-06-8 22:40,Diaper,,,BM+Wet,PQ had a BM and wet diaper (small)
556,2021-06-8 22:30,2021-06-8 22:40,Nursing,10.0,,,PQ nursed (10m right)
557,2021-06-8 21:30,2021-06-8 21:40,Nursing,10.0,,,PQ nursed (10m right)
558,2021-06-8 21:02,2021-06-8 21:02,Nursing,,,,PQ nursed (10m right)
559,2021-06-8 20:35,2021-06-8 20:35,Diaper,,,BM+Wet,PQ had a BM and wet diaper (small)
560,2021-06-8 20:00,2021-06-8 20:10,Nursing,10.0,,,PQ nursed (10m right)
561,2021-06-8 18:20,2021-06-8 18:25,Nursing,5.0,,,PQ nursed (5m right)
562,2021-06-8 17:33,2021-06-8 17:50,Nursing,17.0,,,PQ nursed (17m right)
563,2021-06-8 17:04,2021-06-8 17:04,Diaper,,,BM+Wet,"PQ had a BM and wet diaper (large, green)"
564,2021-06-8 16:42,2021-06-8 16:45,Nursing,3.0,,,PQ nursed (3m left)
565,2021-06-8 14:48,2021-06-8 14:48,Diaper,,,BM+Wet,"PQ had a BM and wet diaper (medium, mustard)"
566,2021-06-8 14:20,2021-06-8 14:25,Nursing,5.0,,,PQ nursed (5m right)
567,2021-06-8 13:00,2021-06-8 13:10,Nursing,10.0,,,PQ nursed (10m left)
568,2021-06-8 13:00,2021-06-8 13:00,Diaper,,,Wet,PQ had a wet diaper
569,2021-06-8 12:01,2021-06-8 12:06,Nursing,5.0,,,PQ nursed (5m left)
570,2021-06-8 11:30,2021-06-8 11:55,Nursing,25.0,,,"PQ nursed (15m right, 10m left)"
571,2021-06-8 11:52,2021-06-8 11:52,Diaper,,,BM,"PQ had a BM diaper (large, mustard)"
572,2021-06-8 11:02,2021-06-8 11:02,Diaper,,,BM+Wet,"PQ had a BM and wet diaper (medium, mustard)"
573,2021-06-8 09:45,2021-06-8 10:05,Nursing,20.0,,,PQ nursed (20m left)
574,2021-06-8 08:33,2021-06-8 08:40,Nursing,7.0,,,PQ nursed (7m right)
575,2021-06-8 08:00,2021-06-8 08:00,Diaper,,,Wet,PQ had a wet diaper (large)
576,2021-06-8 06:00,2021-06-8 06:05,Nursing,5.0,,,PQ nursed (5m right)
577,2021-06-8 04:10,2021-06-8 04:37,Nursing,27.0,,,PQ nursed (27m right)
578,2021-06-8 03:12,2021-06-8 03:17,Nursing,5.0,,,PQ nursed (5m right)
579,2021-06-8 02:31,2021-06-8 02:31,Bottle,,50.0,Formula,PQ drank 50 ml of formula
580,2021-06-8 02:21,2021-06-8 02:21,Diaper,,,BM,"PQ had a BM diaper (large, mustard)"
581,2021-06-8 02:00,2021-06-8 02:00,Bottle,,40.0,Milk,PQ drank 40 ml of milk
582,2021-06-8 01:40,2021-06-8 01:40,Diaper,,,BM+Wet,PQ had a BM and wet diaper (medium)
583,2021-06-8 01:20,2021-06-8 01:20,Bottle,,40.0,Milk,PQ drank 40 ml of milk
584,2021-06-8 01:00,2021-06-8 01:00,Bottle,,50.0,Milk,PQ drank 50 ml of milk
585,2021-06-7 22:51,2021-06-7 22:51,Diaper,,,BM+Wet,"PQ had a BM and wet diaper (medium, mustard)"
586,2021-06-7 22:49,2021-06-7 22:49,Medicine,,1.0,drop(s),D drop: 1 drop(s)
587,2021-06-7 22:20,2021-06-7 22:20,Bottle,,70.0,Milk,PQ drank 70 ml of milk
588,2021-06-7 21:49,2021-06-7 21:59,Nursing,10.0,,,"PQ nursed (5m right, 5m left)"
589,2021-06-7 21:12,2021-06-7 21:12,Diaper,,,Wet,PQ had a wet diaper
590,2021-06-7 20:20,2021-06-7 20:35,Nursing,15.0,,,PQ nursed (15m right)
591,2021-06-7 19:40,2021-06-7 19:55,Nursing,15.0,,,PQ nursed (15m left)
592,2021-06-7 19:28,2021-06-7 19:28,Diaper,,,BM+Wet,PQ had a BM and wet diaper (medium)
593,2021-06-7 17:30,2021-06-7 17:48,Nursing,18.0,,,PQ nursed (18m right)
594,2021-06-7 17:02,2021-06-7 17:02,Diaper,,,BM+Wet,PQ had a BM and wet diaper (medium)
595,2021-06-7 16:50,2021-06-7 16:59,Nursing,9.0,,,PQ nursed (9m right)
596,2021-06-7 16:00,2021-06-7 16:09,Nursing,9.0,,,"PQ nursed (5m right, 4m left)"
597,2021-06-7 14:30,2021-06-7 14:37,Nursing,7.0,,,PQ nursed (7m right)
598,2021-06-7 14:00,2021-06-7 14:00,Diaper,,,BM+Wet,"PQ had a BM and wet diaper (medium, runny, mustard)"
599,2021-06-7 13:00,2021-06-7 13:05,Nursing,5.0,,,PQ nursed (5m right)
600,2021-06-7 12:23,2021-06-7 12:33,Nursing,10.0,,,PQ nursed (10m right)
601,2021-06-7 12:00,2021-06-7 12:00,Diaper,,,BM+Wet,PQ had a BM and wet diaper (small)
602,2021-06-7 09:40,2021-06-7 09:51,Nursing,11.0,,,PQ nursed (11m right)
603,2021-06-7 09:17,2021-06-7 09:17,Diaper,,,Wet,PQ had a wet diaper
604,2021-06-7 09:10,2021-06-7 09:15,Nursing,5.0,,,PQ nursed (5m right)
605,2021-06-7 06:40,2021-06-7 06:40,Bottle,,50.0,Milk,PQ drank 50 ml of milk
606,2021-06-7 06:20,2021-06-7 06:20,Bottle,,40.0,Milk,PQ drank 40 ml of milk
607,2021-06-7 05:30,2021-06-7 05:38,Nursing,8.0,,,PQ nursed (8m right)
608,2021-06-7 04:50,2021-06-7 04:50,Diaper,,,BM+Wet,PQ had a BM and wet diaper (medium)
609,2021-06-7 03:38,2021-06-7 03:43,Nursing,5.0,,,PQ nursed (5m right)
610,2021-06-7 03:17,2021-06-7 03:17,Diaper,,,Wet,PQ had a wet diaper
611,2021-06-7 02:51,2021-06-7 03:06,Nursing,15.0,,,"PQ nursed (7.5m right, 7.5m left)"
612,2021-06-7 01:51,2021-06-7 01:51,Diaper,,,BM,"PQ had a BM diaper (large, mustard)"
613,2021-06-7 01:30,2021-06-7 01:30,Bottle,,120.0,Milk,PQ drank 120 ml of milk
614,2021-06-7 00:00,2021-06-7 00:25,Nursing,25.0,,,PQ nursed (25m right)
615,2021-06-6 23:27,2021-06-6 23:27,Diaper,,,Wet,PQ had a wet diaper
616,2021-06-6 22:25,2021-06-6 22:25,Medicine,,1.0,drop(s),D drop: 1 drop(s)
617,2021-06-6 20:35,2021-06-6 20:50,Nursing,15.0,,,PQ nursed (15m right)
618,2021-06-6 19:21,2021-06-6 19:29,Nursing,8.0,,,PQ nursed (8m left)
619,2021-06-6 19:23,2021-06-6 19:23,Diaper,,,BM+Wet,PQ had a BM and wet diaper (medium)
620,2021-06-6 18:23,2021-06-6 18:23,Diaper,,,Wet,PQ had a wet diaper
621,2021-06-6 17:38,2021-06-6 18:00,Nursing,22.0,,,PQ nursed (22m left)
622,2021-06-6 17:00,2021-06-6 17:10,Nursing,10.0,,,PQ nursed (10m right)
623,2021-06-6 16:35,2021-06-6 16:35,Diaper,,,BM,"PQ had a BM diaper (large, mustard)"
624,2021-06-6 16:05,2021-06-6 16:15,Nursing,10.0,,,PQ nursed (10m right)
625,2021-06-6 14:00,2021-06-6 14:18,Nursing,18.0,,,PQ nursed (18m right)
626,2021-06-6 13:00,2021-06-6 13:10,Nursing,10.0,,,PQ nursed (10m right)
627,2021-06-6 12:50,2021-06-6 12:50,Diaper,,,BM+Wet,PQ had a BM and wet diaper (small)
628,2021-06-6 11:39,2021-06-6 11:39,Diaper,,,BM+Wet,"PQ had a BM and wet diaper (small, green)"
629,2021-06-6 10:00,2021-06-6 10:05,Nursing,5.0,,,PQ nursed (5m right)
630,2021-06-6 10:00,2021-06-6 10:00,Diaper,,,BM+Wet,PQ had a BM and wet diaper (small)
631,2021-06-6 09:20,2021-06-6 09:37,Nursing,17.0,,,PQ nursed (17m right)
632,2021-06-6 09:30,2021-06-6 09:30,Diaper,,,BM+Wet,PQ had a BM and wet diaper (medium)
633,2021-06-6 07:20,2021-06-6 07:20,Diaper,,,BM+Wet,"PQ had a BM and wet diaper (diaper cream, small, mustard)"
634,2021-06-6 07:20,2021-06-6 07:20,Bottle,,120.0,Milk,PQ drank 120 ml of milk
635,2021-06-6 05:03,2021-06-6 05:33,Nursing,30.0,,,PQ nursed (30m right)
636,2021-06-6 05:23,2021-06-6 05:23,Diaper,,,Wet,PQ had a wet diaper
637,2021-06-6 02:07,2021-06-6 02:07,Bottle,,75.0,Milk,PQ drank 75 ml of milk
638,2021-06-6 01:13,2021-06-6 01:13,Bottle,,10.0,Milk,PQ drank 10 ml of milk
639,2021-06-6 00:45,2021-06-6 01:00,Nursing,15.0,,,PQ nursed (15m right)
640,2021-06-5 23:55,2021-06-5 23:55,Medicine,,1.0,drop(s),D drop: 1 drop(s)
641,2021-06-5 23:55,2021-06-5 23:55,Bottle,,45.0,Milk,PQ drank 45 ml of milk
642,2021-06-5 23:48,2021-06-5 23:48,Diaper,,,Wet,PQ had a wet diaper (small)
643,2021-06-5 23:30,2021-06-5 23:40,Nursing,10.0,,,PQ nursed (10m right)
644,2021-06-5 22:15,2021-06-5 22:20,Nursing,5.0,,,PQ nursed (5m right)
645,2021-06-5 21:00,2021-06-5 21:15,Nursing,15.0,,,PQ nursed (15m right)
646,2021-06-5 21:08,2021-06-5 21:08,Diaper,,,BM+Wet,PQ had a BM and wet diaper (medium)
647,2021-06-5 20:30,2021-06-5 20:35,Nursing,5.0,,,PQ nursed (5m right)
648,2021-06-5 20:30,2021-06-5 20:30,Diaper,,,BM+Wet,PQ had a BM and wet diaper (medium)
649,2021-06-5 17:37,2021-06-5 18:02,Nursing,25.0,,,PQ nursed (25m left)
650,2021-06-5 17:00,2021-06-5 17:20,Nursing,20.0,,,PQ nursed (20m right)
651,2021-06-5 16:00,2021-06-5 16:10,Nursing,10.0,,,PQ nursed (10m right)
652,2021-06-5 15:10,2021-06-5 15:25,Nursing,15.0,,,PQ nursed (15m right)
653,2021-06-5 14:14,2021-06-5 14:19,Nursing,5.0,,,PQ nursed (5m right)
654,2021-06-5 14:09,2021-06-5 14:09,Diaper,,,BM+Wet,"PQ had a BM and wet diaper (large, mustard)"
655,2021-06-5 12:40,2021-06-5 12:50,Nursing,10.0,,,PQ nursed (10m right)
656,2021-06-5 11:33,2021-06-5 11:43,Nursing,10.0,,,PQ nursed (10m right)
657,2021-06-5 11:20,2021-06-5 11:20,Diaper,,,BM+Wet,PQ had a BM and wet diaper
658,2021-06-5 09:40,2021-06-5 09:45,Nursing,5.0,,,PQ nursed (5m right)
659,2021-06-5 09:30,2021-06-5 09:30,Diaper,,,BM+Wet,PQ had a BM and wet diaper (medium)
660,2021-06-5 08:50,2021-06-5 08:55,Nursing,5.0,,,PQ nursed (5m right)
661,2021-06-5 04:59,2021-06-5 04:59,Bottle,,50.0,Milk,PQ drank 50 ml of milk
662,2021-06-5 03:47,2021-06-5 03:47,Bottle,,140.0,Milk,PQ drank 140 ml of milk
663,2021-06-5 03:42,2021-06-5 03:42,Diaper,,,BM+Wet,PQ had a BM and wet diaper (small)
664,2021-06-5 02:46,2021-06-5 02:46,Bottle,,10.0,Milk,PQ drank 10 ml of milk
665,2021-06-5 01:30,2021-06-5 01:30,Medicine,,1.0,drop(s),D drop: 1 drop(s)
666,2021-06-5 01:21,2021-06-5 01:21,Bottle,,100.0,Milk,PQ drank 100 ml of milk
667,2021-06-5 01:13,2021-06-5 01:13,Diaper,,,Wet,PQ had a wet diaper
668,2021-06-5 01:00,2021-06-5 01:10,Nursing,10.0,,,PQ nursed (10m right)
669,2021-06-4 23:38,2021-06-4 23:57,Nursing,19.0,,,PQ nursed (19m right)
670,2021-06-4 19:40,2021-06-4 19:52,Nursing,12.0,,,PQ nursed (12m right)
671,2021-06-4 17:20,2021-06-4 17:20,Bottle,,30.0,Milk,PQ drank 30 ml of milk
672,2021-06-4 16:50,2021-06-4 16:55,Nursing,5.0,,,PQ nursed (5m right)
673,2021-06-4 15:45,2021-06-4 15:45,Bottle,,50.0,Milk,PQ drank 50 ml of milk
674,2021-06-4 14:40,2021-06-4 14:50,Nursing,10.0,,,PQ nursed (10m right)
675,2021-06-4 14:36,2021-06-4 14:36,Diaper,,,BM+Wet,PQ had a BM and wet diaper (small)
676,2021-06-4 10:15,2021-06-4 10:30,Nursing,15.0,,,PQ nursed (15m right)
677,2021-06-4 08:50,2021-06-4 09:03,Nursing,13.0,,,PQ nursed (13m right)
678,2021-06-4 08:46,2021-06-4 08:46,Diaper,,,BM+Wet,"PQ had a BM and wet diaper (large, orange)"
679,2021-06-4 05:45,2021-06-4 05:45,Bottle,,110.0,Milk,PQ drank 110 ml of milk
680,2021-06-4 04:50,2021-06-4 04:50,Diaper,,,BM+Wet,PQ had a BM and wet diaper (small)
681,2021-06-4 03:15,2021-06-4 03:30,Nursing,15.0,,,PQ nursed (15m right)
682,2021-06-4 02:30,2021-06-4 02:40,Nursing,10.0,,,PQ nursed (10m right)
683,2021-06-4 02:25,2021-06-4 02:25,Bottle,,50.0,Milk,PQ drank 50 ml of milk
684,2021-06-4 01:06,2021-06-4 01:06,Diaper,,,BM+Wet,"PQ had a BM and wet diaper (small, green)"
685,2021-06-4 01:06,2021-06-4 01:06,Bottle,,40.0,Milk,PQ drank 40 ml of milk
686,2021-06-4 00:52,2021-06-4 00:52,Bottle,,80.0,Milk,PQ drank 80 ml of milk
687,2021-06-3 23:20,2021-06-3 23:20,Bottle,,60.0,Milk,PQ drank 60 ml of milk
688,2021-06-3 23:10,2021-06-3 23:10,Diaper,,,BM+Wet,PQ had a BM and wet diaper (large)
689,2021-06-3 22:30,2021-06-3 22:30,Diaper,,,BM+Wet,PQ had a BM and wet diaper (large)
690,2021-06-3 19:30,2021-06-3 19:50,Nursing,20.0,,,PQ nursed (20m right)
691,2021-06-3 16:50,2021-06-3 17:20,Nursing,30.0,,,PQ nursed (30m right)
692,2021-06-3 14:10,2021-06-3 14:20,Nursing,10.0,,,PQ nursed (10m right)
693,2021-06-3 13:55,2021-06-3 13:55,Bottle,,70.0,Milk,PQ drank 70 ml of milk
694,2021-06-3 11:59,2021-06-3 11:59,Diaper,,,BM+Wet,PQ had a BM (small) and wet diaper (medium)
695,2021-06-3 10:30,2021-06-3 10:50,Nursing,20.0,,,PQ nursed (20m right)
696,2021-06-3 08:37,2021-06-3 08:37,Diaper,,,Wet,PQ had a wet diaper
697,2021-06-3 08:16,2021-06-3 08:36,Nursing,20.0,,,PQ nursed (20m right)
698,2021-06-3 04:45,2021-06-3 04:45,Bottle,,70.0,Milk,PQ drank 70 ml of milk
699,2021-06-3 03:53,2021-06-3 03:53,Diaper,,,BM+Wet,"PQ had a BM and wet diaper (diaper leak, large)"
700,2021-06-3 03:40,2021-06-3 03:40,Bottle,,55.0,Milk,PQ drank 55 ml of milk
701,2021-06-3 03:26,2021-06-3 03:26,Diaper,,,Wet,PQ had a wet diaper
702,2021-06-3 03:15,2021-06-3 03:22,Nursing,7.0,,,PQ nursed (7m right)
703,2021-06-2 23:19,2021-06-2 23:19,Bottle,,120.0,Milk,PQ drank 120 ml of milk
704,2021-06-2 23:16,2021-06-2 23:16,Medicine,,1.0,drop(s),D drop: 1 drop(s)
705,2021-06-2 22:35,2021-06-2 22:45,Nursing,10.0,,,PQ nursed (10m right)
706,2021-06-2 20:50,2021-06-2 21:00,Nursing,10.0,,,PQ nursed (10m right)
707,2021-06-2 20:06,2021-06-2 20:16,Nursing,10.0,,,PQ nursed (10m right)
708,2021-06-2 18:01,2021-06-2 18:27,Nursing,26.0,,,PQ nursed (26m right)
709,2021-06-2 15:39,2021-06-2 15:39,Diaper,,,BM+Wet,PQ had a BM and wet diaper (medium)
710,2021-06-2 15:22,2021-06-2 15:38,Nursing,16.0,,,PQ nursed (16m right)
711,2021-06-2 11:40,2021-06-2 11:46,Nursing,6.0,,,PQ nursed (6m right)
712,2021-06-2 10:41,2021-06-2 10:51,Nursing,10.0,,,PQ nursed (10m right)
713,2021-06-2 10:36,2021-06-2 10:36,Diaper,,,BM+Wet,PQ had a BM and wet diaper (large)
714,2021-06-2 10:25,2021-06-2 10:30,Nursing,5.0,,,PQ nursed (5m right)
715,2021-06-2 09:14,2021-06-2 09:22,Nursing,8.0,,,PQ nursed (8m right)
716,2021-06-2 08:56,2021-06-2 08:56,Diaper,,,BM,PQ had a BM diaper
717,2021-06-2 08:14,2021-06-2 08:14,Diaper,,,Wet,PQ had a wet diaper
718,2021-06-2 07:50,2021-06-2 08:10,Nursing,20.0,,,PQ nursed (20m right)
719,2021-06-2 04:23,2021-06-2 04:23,Bottle,,60.0,Milk,PQ drank 60 ml of milk
720,2021-06-2 04:00,2021-06-2 04:00,Diaper,,,Wet,PQ had a wet diaper (medium)
721,2021-06-2 03:00,2021-06-2 03:15,Nursing,15.0,,,PQ nursed (15m right)
722,2021-06-2 03:15,2021-06-2 03:15,Bottle,,125.0,Milk,PQ drank 125 ml of milk
723,2021-06-2 02:30,2021-06-2 02:30,Diaper,,,Wet,PQ had a wet diaper (medium)
724,2021-06-1 23:39,2021-06-1 23:39,Medicine,,1.0,drop(s),D drop: 1 drop(s)
725,2021-06-1 23:38,2021-06-1 23:38,Bottle,,55.0,Milk,PQ drank 55 ml of milk
726,2021-06-1 23:05,2021-06-1 23:05,Bottle,,35.0,Milk,PQ drank 35 ml of milk
727,2021-06-1 23:05,2021-06-1 23:05,Diaper,,,Wet,PQ had a wet diaper
728,2021-06-1 23:04,2021-06-1 23:04,Diaper,,,BM,PQ had a BM diaper (medium)
729,2021-06-1 22:11,2021-06-1 22:22,Nursing,11.0,,,PQ nursed (11m right)
730,2021-06-1 20:00,2021-06-1 20:05,Nursing,5.0,,,PQ nursed (5m right)
731,2021-06-1 19:42,2021-06-1 19:52,Nursing,10.0,,,PQ nursed (10m right)
732,2021-06-1 19:08,2021-06-1 19:20,Nursing,12.0,,,PQ nursed (12m right)
733,2021-06-1 18:55,2021-06-1 19:10,Nursing,15.0,,,PQ nursed (15m right)
734,2021-06-1 17:33,2021-06-1 17:33,Diaper,,,BM+Wet,"PQ had a BM and wet diaper (open-air accident, large)"
735,2021-06-1 16:50,2021-06-1 17:00,Nursing,10.0,,,PQ nursed (10m right)
736,2021-06-1 16:08,2021-06-1 16:18,Nursing,10.0,,,PQ nursed (10m left)
737,2021-06-1 15:16,2021-06-1 15:36,Nursing,20.0,,,PQ nursed (20m right)
738,2021-06-1 14:42,2021-06-1 14:42,Diaper,,,Wet,PQ had a wet diaper (medium)
739,2021-06-1 14:36,2021-06-1 14:41,Nursing,5.0,,,PQ nursed (5m right)
740,2021-06-1 13:30,2021-06-1 13:35,Nursing,5.0,,,PQ nursed (5m right)
741,2021-06-1 12:12,2021-06-1 12:19,Nursing,7.0,,,PQ nursed (7m right)
742,2021-06-1 12:10,2021-06-1 12:10,Diaper,,,BM+Wet,PQ had a BM and wet diaper (medium)
743,2021-06-1 09:06,2021-06-1 09:12,Nursing,6.0,,,PQ nursed (6m right)
744,2021-06-1 08:17,2021-06-1 08:27,Nursing,10.0,,,PQ nursed (10m right)
745,2021-06-1 07:53,2021-06-1 07:53,Bottle,,40.0,Milk,PQ drank 40 ml of milk
746,2021-06-1 07:30,2021-06-1 07:37,Nursing,7.0,,,PQ nursed (7m right)
747,2021-06-1 07:00,2021-06-1 07:13,Nursing,13.0,,,"PQ nursed (6.5m left, 6.5m right)"
748,2021-06-1 07:00,2021-06-1 07:00,Diaper,,,Wet,PQ had a wet diaper (large)
749,2021-06-1 03:57,2021-06-1 03:57,Diaper,,,BM+Wet,PQ had a BM and wet diaper (small)
750,2021-06-1 03:20,2021-06-1 03:20,Bottle,,130.0,Milk,PQ drank 130 ml of milk
751,2021-05-31 23:50,2021-05-31 23:50,Bottle,,60.0,Milk,PQ drank 60 ml of milk
752,2021-05-31 23:41,2021-05-31 23:41,Diaper,,,BM+Wet,PQ had a BM and wet diaper (large)
753,2021-05-31 23:40,2021-05-31 23:40,Diaper,,,BM+Wet,PQ had a BM and wet diaper
754,2021-05-31 23:39,2021-05-31 23:39,Bottle,,90.0,Milk,PQ drank 90 ml of milk
755,2021-05-31 22:30,2021-05-31 22:30,Medicine,,1.0,drop(s),D drop: 1 drop(s)
756,2021-05-31 21:18,2021-05-31 21:38,Nursing,20.0,,,"PQ nursed (10m left, 10m right)"
757,2021-05-31 20:04,2021-05-31 20:15,Nursing,11.0,,,PQ nursed (11m right)
758,2021-05-31 18:55,2021-05-31 19:04,Nursing,9.0,,,PQ nursed (9m right)
759,2021-05-31 18:25,2021-05-31 18:34,Nursing,9.0,,,PQ nursed (9m right)
760,2021-05-31 17:00,2021-05-31 17:05,Nursing,5.0,,,PQ nursed (5m right)
761,2021-05-31 16:30,2021-05-31 16:30,Diaper,,,Wet,PQ had a wet diaper (large)
762,2021-05-31 15:46,2021-05-31 16:13,Nursing,27.0,,,PQ nursed (27m right)
763,2021-05-31 15:00,2021-05-31 15:00,Diaper,,,BM+Wet,PQ had a BM and wet Diaper (medium)
764,2021-05-31 14:20,2021-05-31 14:35,Nursing,15.0,,,PQ nursed (15m right)
765,2021-05-31 13:42,2021-05-31 13:53,Nursing,11.0,,,PQ nursed (11m right)
766,2021-05-31 13:20,2021-05-31 13:20,Diaper,,,BM+Wet,PQ had a BM and wet Diaper (medium)
767,2021-05-31 11:45,2021-05-31 11:49,Nursing,4.0,,,PQ nursed (4m right)
768,2021-05-31 10:47,2021-05-31 10:47,Bottle,,55.0,Formula,PQ drank 55 ml of formula
769,2021-05-31 10:40,2021-05-31 10:40,Diaper,,,BM+Wet,PQ had a BM and wet Diaper (large)
770,2021-05-31 08:32,2021-05-31 08:40,Nursing,8.0,,,PQ nursed (8m right)
771,2021-05-31 08:13,2021-05-31 08:21,Nursing,8.0,,,PQ nursed (8m right)
772,2021-05-31 08:01,2021-05-31 08:06,Nursing,5.0,,,PQ nursed (5m right)
773,2021-05-31 05:45,2021-05-31 05:45,Diaper,,,BM+Wet,PQ had a BM and wet Diaper (medium)
774,2021-05-31 04:20,2021-05-31 04:28,Nursing,8.0,,,PQ nursed (8m right)
775,2021-05-31 04:00,2021-05-31 04:00,Diaper,,,BM+Wet,PQ had a BM and wet Diaper (medium)
776,2021-05-31 03:56,2021-05-31 03:56,Bottle,,65.0,Milk,PQ drank 65 ml of milk
777,2021-05-31 03:11,2021-05-31 03:11,Bottle,,50.0,Milk,PQ drank 50 ml of milk
778,2021-05-31 01:51,2021-05-31 01:58,Nursing,7.0,,,PQ nursed (7m right)
779,2021-05-31 01:58,2021-05-31 01:58,Diaper,,,BM,PQ had a BM Diaper (medium)
780,2021-05-31 01:45,2021-05-31 01:45,Diaper,,,Wet,PQ had a wet Diaper (large)
781,2021-05-31 01:34,2021-05-31 01:44,Nursing,10.0,,,PQ nursed (10m right)
782,2021-05-31 01:30,2021-05-31 01:30,Bottle,,20.0,Milk,PQ drank 20 ml of milk
783,2021-05-31 01:20,2021-05-31 01:25,Nursing,5.0,,,PQ nursed (5m right)
784,2021-05-30 22:25,2021-05-30 22:25,Bottle,,20.0,Milk,PQ drank 20 ml of milk
785,2021-05-30 22:20,2021-05-30 22:20,Medicine,,1.0,drop(s),D drop: 1 drop(s)
786,2021-05-30 22:10,2021-05-30 22:10,Bottle,,70.0,Milk,PQ drank 70 ml of milk
787,2021-05-30 22:00,2021-05-30 22:00,Diaper,,,BM+Wet,PQ had a BM and wet Diaper (medium)
788,2021-05-30 21:30,2021-05-30 21:40,Nursing,10.0,,,PQ nursed (10m right)
789,2021-05-30 20:15,2021-05-30 20:15,Diaper,,,Wet,PQ had a wet Diaper (large)
790,2021-05-30 19:04,2021-05-30 19:24,Nursing,20.0,,,PQ nursed (20m right)
791,2021-05-30 18:34,2021-05-30 18:43,Nursing,9.0,,,PQ nursed (9m right)
792,2021-05-30 16:52,2021-05-30 17:12,Nursing,20.0,,,PQ nursed (20m right)
793,2021-05-30 16:45,2021-05-30 16:45,Diaper,,,BM+Wet,"PQ had a BM and wet Diaper (open-air accident, large)"
794,2021-05-30 14:55,2021-05-30 14:55,Diaper,,,BM+Wet,PQ had a BM and wet Diaper (large)
795,2021-05-30 14:45,2021-05-30 14:51,Nursing,6.0,,,PQ nursed (6m right)
796,2021-05-30 11:51,2021-05-30 12:06,Nursing,15.0,,,PQ nursed (15m left)
797,2021-05-30 11:30,2021-05-30 11:30,Diaper,,,BM+Wet,PQ had a BM and wet Diaper (medium)
798,2021-05-30 10:35,2021-05-30 10:43,Nursing,8.0,,,PQ nursed (8m right)
799,2021-05-30 09:32,2021-05-30 09:37,Nursing,5.0,,,PQ nursed (5m right)
800,2021-05-30 08:57,2021-05-30 09:09,Nursing,12.0,,,PQ nursed (12m right)
801,2021-05-30 09:00,2021-05-30 09:00,Diaper,,,BM+Wet,PQ had a BM and wet Diaper (large)
802,2021-05-30 07:30,2021-05-30 07:30,Bottle,,40.0,Formula,PQ drank 40 ml of formula
803,2021-05-30 07:10,2021-05-30 07:15,Nursing,5.0,,,PQ nursed (5m right)
804,2021-05-30 07:10,2021-05-30 07:10,Diaper,,,BM+Wet,"PQ had a BM and wet Diaper (open-air accident, medium)"
805,2021-05-30 05:05,2021-05-30 05:15,Nursing,10.0,,,PQ nursed (10m right)
806,2021-05-30 05:12,2021-05-30 05:12,Diaper,,,Wet,PQ had a wet Diaper (medium)
807,2021-05-30 04:45,2021-05-30 04:53,Nursing,8.0,,,PQ nursed (8m right)
808,2021-05-30 02:20,2021-05-30 02:20,Bottle,,50.0,Milk,PQ drank 50 ml of milk
809,2021-05-30 01:37,2021-05-30 01:37,Bottle,,50.0,Milk,PQ drank 50 ml of milk
810,2021-05-30 01:30,2021-05-30 01:30,Medicine,,1.0,drop(s),D drop: 1 drop(s)
811,2021-05-30 01:20,2021-05-30 01:20,Bottle,,40.0,Milk,PQ drank 40 ml of milk
812,2021-05-30 01:15,2021-05-30 01:15,Diaper,,,BM+Wet,PQ had a BM and wet Diaper (large)
813,2021-05-29 23:31,2021-05-29 23:31,Bottle,,40.0,Milk,PQ drank 40 ml of milk
814,2021-05-29 23:05,2021-05-29 23:10,Nursing,5.0,,,PQ nursed (5m right)
815,2021-05-29 21:27,2021-05-29 21:27,Diaper,,,BM,PQ had a BM Diaper (medium)
816,2021-05-29 21:21,2021-05-29 21:21,Bottle,,50.0,Milk,PQ drank 50 ml of milk
817,2021-05-29 20:34,2021-05-29 20:49,Nursing,15.0,,,PQ nursed (15m right)
818,2021-05-29 20:18,2021-05-29 20:18,Diaper,,,BM+Wet,PQ had a BM and wet Diaper (medium)
819,2021-05-29 19:43,2021-05-29 19:56,Nursing,13.0,,,PQ nursed (13m right)
820,2021-05-29 17:30,2021-05-29 17:30,Bottle,,40.0,Formula,PQ drank 40 ml of formula
821,2021-05-29 16:33,2021-05-29 16:45,Nursing,12.0,,,PQ nursed (12m right)
822,2021-05-29 16:31,2021-05-29 16:31,Diaper,,,BM+Wet,PQ had a BM and wet Diaper (medium)
823,2021-05-29 16:12,2021-05-29 16:21,Nursing,9.0,,,PQ nursed (9m right)
824,2021-05-29 16:09,2021-05-29 16:09,Diaper,,,BM+Wet,PQ had a BM and wet Diaper (small)
825,2021-05-29 14:15,2021-05-29 14:30,Nursing,15.0,,,PQ nursed (15m right)
826,2021-05-29 13:54,2021-05-29 13:54,Diaper,,,BM+Wet,PQ had a BM and wet Diaper (medium)
827,2021-05-29 11:35,2021-05-29 11:50,Nursing,15.0,,,PQ nursed (15m right)
828,2021-05-29 11:20,2021-05-29 11:20,Diaper,,,BM+Wet,PQ had a BM and wet Diaper (small)
829,2021-05-29 10:44,2021-05-29 10:49,Nursing,5.0,,,PQ nursed (5m left)
830,2021-05-29 09:48,2021-05-29 10:00,Nursing,12.0,,,PQ nursed (12m right)
831,2021-05-29 09:29,2021-05-29 09:29,Diaper,,,Wet,PQ had a wet Diaper (medium)
832,2021-05-29 09:19,2021-05-29 09:28,Nursing,9.0,,,"PQ nursed (6m left, 3m right)"
833,2021-05-29 06:44,2021-05-29 06:44,Diaper,,,BM,PQ had a BM Diaper (large)
834,2021-05-29 06:31,2021-05-29 06:40,Nursing,9.0,,,PQ nursed (9m left)
835,2021-05-29 06:28,2021-05-29 06:28,Diaper,,,BM+Wet,"PQ had a BM and wet Diaper (leak, medium)"
836,2021-05-29 06:28,2021-05-29 06:28,Bottle,,60.0,Milk,PQ drank 60 ml of milk
837,2021-05-29 03:49,2021-05-29 04:01,Nursing,12.0,,,"PQ nursed (8m left, 4m right)"
838,2021-05-29 03:35,2021-05-29 03:40,Nursing,5.0,,,PQ nursed (5m right)
839,2021-05-29 03:07,2021-05-29 03:12,Nursing,5.0,,,PQ nursed (5m right)
840,2021-05-29 02:41,2021-05-29 02:41,Diaper,,,BM+Wet,"PQ had a BM and wet Diaper (open-air accident, medium)"
841,2021-05-29 02:16,2021-05-29 02:16,Bottle,,40.0,Milk,PQ drank 40 ml of milk
842,2021-05-29 01:00,2021-05-29 01:00,Diaper,,,BM+Wet,"PQ had a BM and wet Diaper (open-air accident, diaper cream, large)"
843,2021-05-29 01:00,2021-05-29 01:00,Bottle,,25.0,Milk,PQ drank 25 ml of milk
844,2021-05-29 00:16,2021-05-29 00:16,Bottle,,65.0,Milk,PQ drank 65 ml of milk
845,2021-05-28 23:59,2021-05-28 23:59,Diaper,,,Wet,PQ had a wet Diaper (large)
846,2021-05-28 23:35,2021-05-28 23:51,Nursing,16.0,,,PQ nursed (16m right)
847,2021-05-28 23:11,2021-05-28 23:21,Nursing,10.0,,,PQ nursed (10m right)
848,2021-05-28 22:43,2021-05-28 22:43,Medicine,,,tsp,D drop
849,2021-05-28 22:42,2021-05-28 22:42,Bottle,,10.0,Milk,PQ drank 10 ml of milk
850,2021-05-28 21:21,2021-05-28 21:21,Bottle,,25.0,Milk,PQ drank 25 ml of milk
851,2021-05-28 21:00,2021-05-28 21:05,Nursing,5.0,,,PQ nursed (5m right)
852,2021-05-28 20:54,2021-05-28 20:54,Diaper,,,BM+Wet,PQ had a BM and wet Diaper (large)
853,2021-05-28 20:00,2021-05-28 20:10,Nursing,10.0,,,PQ nursed (10m right)
854,2021-05-28 18:51,2021-05-28 19:08,Nursing,17.0,,,PQ nursed (17m right)
855,2021-05-28 17:57,2021-05-28 18:10,Nursing,13.0,,,PQ nursed (13m right)
856,2021-05-28 16:39,2021-05-28 16:45,Nursing,6.0,,,PQ nursed (6m left)
857,2021-05-28 16:34,2021-05-28 16:34,Diaper,,,Wet,PQ had a wet Diaper (medium)
858,2021-05-28 15:52,2021-05-28 15:58,Nursing,6.0,,,PQ nursed (6m right)
859,2021-05-28 14:40,2021-05-28 14:59,Nursing,19.0,,,PQ nursed (19m right)
860,2021-05-28 14:10,2021-05-28 14:20,Nursing,,,,PQ nursed (10m right)
861,2021-05-28 14:00,2021-05-28 14:00,Diaper,,,Wet,PQ had a wet Diaper (large)
862,2021-05-28 11:35,2021-05-28 11:52,Nursing,17.0,,,PQ nursed (17m left)
863,2021-05-28 11:23,2021-05-28 11:29,Nursing,6.0,,,PQ nursed (6m left)
864,2021-05-28 11:00,2021-05-28 11:07,Nursing,7.0,,,PQ nursed (7m right)
865,2021-05-28 11:00,2021-05-28 11:00,Diaper,,,BM+Wet,PQ had a BM and wet Diaper (small)
866,2021-05-28 10:40,2021-05-28 10:45,Nursing,5.0,,,PQ nursed (5m right)
867,2021-05-28 09:30,2021-05-28 09:40,Nursing,10.0,,,PQ nursed (10m right)
868,2021-05-28 09:30,2021-05-28 09:30,Diaper,,,BM+Wet,PQ had a BM and wet Diaper (medium)
869,2021-05-28 07:10,2021-05-28 07:24,Nursing,14.0,,,"PQ nursed (7m left, 7m right)"
870,2021-05-28 07:00,2021-05-28 07:00,Diaper,,,Wet,PQ had a wet Diaper (medium)
871,2021-05-28 03:59,2021-05-28 03:59,Bottle,,40.0,Formula,PQ drank 40 ml of formula
872,2021-05-28 03:00,2021-05-28 03:09,Nursing,9.0,,,PQ nursed (10m right)
873,2021-05-28 02:30,2021-05-28 02:30,Diaper,,,BM+Wet,"PQ had a BM and wet Diaper (open-air accident, large)"
874,2021-05-28 01:58,2021-05-28 01:58,Bottle,,45.0,Formula,PQ drank 45 ml of formula
875,2021-05-28 01:42,2021-05-28 01:49,Nursing,5.0,,,PQ nursed (5m right)
876,2021-05-28 01:00,2021-05-28 01:10,Nursing,10.0,,,PQ nursed (10m right)
877,2021-05-28 00:47,2021-05-28 00:47,Diaper,,,BM+Wet,PQ had a BM and wet Diaper (large)
878,2021-05-28 00:46,2021-05-28 00:46,Bottle,,70.0,Milk,PQ drank 70 ml of milk
879,2021-05-27 23:11,2021-05-27 23:11,Bottle,,40.0,Milk,PQ drank 40 ml of milk
880,2021-05-27 22:10,2021-05-27 22:10,Bottle,,50.0,Milk,PQ drank 50 ml of milk
881,2021-05-27 22:03,2021-05-27 22:03,Bottle,,30.0,Milk,PQ drank 30 ml of milk
882,2021-05-27 22:00,2021-05-27 22:00,Medicine,,1.0,drop(s),D drop: 1 drop(s)
883,2021-05-27 21:59,2021-05-27 21:59,Diaper,,,Wet,PQ had a wet Diaper (large)
884,2021-05-27 21:52,2021-05-27 21:57,Nursing,5.0,,,PQ nursed (5m right)
885,2021-05-27 20:56,2021-05-27 21:07,Nursing,10.0,,,PQ nursed (10m right)
886,2021-05-27 19:50,2021-05-27 20:00,Nursing,10.0,,,PQ nursed (10m right)
887,2021-05-27 19:19,2021-05-27 19:25,Nursing,6.0,,,"PQ nursed (1m left, 5m right)"
888,2021-05-27 19:20,2021-05-27 19:20,Diaper,,,BM+Wet,PQ had a BM and wet Diaper (large)
889,2021-05-27 18:10,2021-05-27 18:18,Nursing,8.0,,,PQ nursed (8m right)
890,2021-05-27 17:00,2021-05-27 17:13,Nursing,13.0,,,PQ nursed (13m right)
891,2021-05-27 16:45,2021-05-27 16:45,Diaper,,,BM+Wet,PQ had a BM and wet Diaper (small)
892,2021-05-27 15:10,2021-05-27 15:17,Nursing,7.0,,,PQ nursed (7m right)
893,2021-05-27 14:22,2021-05-27 14:32,Nursing,10.0,,,PQ nursed (10m right)
894,2021-05-27 14:10,2021-05-27 14:10,Diaper,,,BM+Wet,PQ had a BM and wet Diaper (small)
895,2021-05-27 11:25,2021-05-27 11:40,Nursing,15.0,,,PQ nursed (15m left)
896,2021-05-27 10:51,2021-05-27 10:51,Diaper,,,Wet,PQ had a wet Diaper (large)
897,2021-05-27 08:35,2021-05-27 08:35,Diaper,,,BM+Wet,PQ had a BM and wet Diaper (large)
898,2021-05-27 08:20,2021-05-27 08:20,Activity,,,,PQ spat up
899,2021-05-27 08:20,2021-05-27 08:20,Bottle,,30.0,Formula,PQ drank 30 ml of formula
900,2021-05-27 08:00,2021-05-27 08:00,Activity,,,,PQ spat up
901,2021-05-27 07:53,2021-05-27 07:53,Diaper,,,BM+Wet,PQ had a BM and wet Diaper
902,2021-05-27 07:50,2021-05-27 07:50,Bottle,,80.0,Milk,PQ drank 80 ml of milk
903,2021-05-27 07:05,2021-05-27 07:21,Nursing,15.0,,,PQ nursed (15m right)
904,2021-05-27 06:16,2021-05-27 06:23,Nursing,7.0,,,PQ nursed (7m right)
905,2021-05-27 05:42,2021-05-27 06:22,Nursing,15.0,,,PQ nursed (15m right)
906,2021-05-27 06:00,2021-05-27 06:00,Diaper,,,BM,PQ had a BM Diaper (medium)
907,2021-05-27 06:00,2021-05-27 06:00,Diaper,,,Wet,PQ had a wet Diaper
908,2021-05-27 02:36,2021-05-27 02:42,Nursing,6.0,,,PQ nursed (6m right)
909,2021-05-27 02:34,2021-05-27 02:34,Diaper,,,BM+Wet,PQ had a BM and wet Diaper (medium)
910,2021-05-27 02:22,2021-05-27 02:22,Bottle,,70.0,Milk,PQ drank 70 ml of milk
911,2021-05-26 23:15,2021-05-26 23:15,Diaper,,,BM+Wet,PQ had a BM and wet Diaper (large)
912,2021-05-26 23:00,2021-05-26 23:00,Bottle,,40.0,Milk,PQ drank 40 ml of milk
913,2021-05-26 23:00,2021-05-26 23:00,Medicine,,,drop(s),D drop
914,2021-05-26 22:00,2021-05-26 22:04,Nursing,4.0,,,PQ nursed (4m left)
915,2021-05-26 21:44,2021-05-26 21:56,Nursing,12.0,,,PQ nursed (12m right)
916,2021-05-26 21:34,2021-05-26 21:34,Diaper,,,BM,PQ had a BM Diaper (large)
917,2021-05-26 20:30,2021-05-26 20:30,Diaper,,,BM+Wet,"PQ had a BM and wet Diaper (open-air accident, medium)"
918,2021-05-26 20:08,2021-05-26 20:13,Nursing,5.0,,,PQ nursed (5m right)
919,2021-05-26 19:09,2021-05-26 19:12,Nursing,3.0,,,PQ nursed (3m left)
920,2021-05-26 18:45,2021-05-26 18:45,Bottle,,40.0,Milk,PQ drank 40 ml of milk
921,2021-05-26 18:20,2021-05-26 18:20,Diaper,,,BM+Wet,PQ had a BM and wet Diaper (large)
922,2021-05-26 16:40,2021-05-26 16:40,Bottle,,30.0,Milk,PQ drank 30 ml of milk
923,2021-05-26 16:30,2021-05-26 16:30,Diaper,,,BM+Wet,PQ had a BM and wet Diaper (small)
924,2021-05-26 15:50,2021-05-26 15:50,Bottle,,30.0,Milk,PQ drank 30 ml of milk
925,2021-05-26 15:30,2021-05-26 15:30,Diaper,,,Wet,PQ had a wet Diaper (medium)
926,2021-05-26 12:50,2021-05-26 12:50,Bottle,,40.0,Milk,PQ drank 40 ml of milk
927,2021-05-26 12:01,2021-05-26 12:01,Diaper,,,Wet,PQ had a wet Diaper (medium)
928,2021-05-26 11:50,2021-05-26 11:50,Bottle,,30.0,Milk,PQ drank 30 ml of milk
929,2021-05-26 10:03,2021-05-26 10:03,Diaper,,,BM+Wet,PQ had a BM and wet Diaper (small)
930,2021-05-26 08:00,2021-05-26 08:07,Nursing,7.0,,,PQ nursed (8m right)
931,2021-05-26 08:01,2021-05-26 08:01,Diaper,,,BM+Wet,PQ had a BM and wet Diaper (large)
932,2021-05-26 07:47,2021-05-26 07:47,Bottle,,50.0,Milk,PQ drank 50 ml of milk
933,2021-05-26 06:37,2021-05-26 06:45,Nursing,8.0,,,PQ nursed (8m right)
934,2021-05-26 06:32,2021-05-26 06:32,Diaper,,,Wet,PQ had a wet Diaper (large)
935,2021-05-26 06:21,2021-05-26 06:21,Bottle,,50.0,Milk,PQ drank 50 ml of milk
936,2021-05-26 01:53,2021-05-26 01:53,Bottle,,50.0,Formula,PQ drank 50 ml of formula
937,2021-05-26 01:34,2021-05-26 01:44,Nursing,10.0,,,PQ nursed (10m right)
938,2021-05-26 01:34,2021-05-26 01:34,Diaper,,,Wet,PQ had a wet Diaper (large)
939,2021-05-25 23:36,2021-05-25 23:36,Bottle,,60.0,Formula,PQ drank 60 ml of formula
940,2021-05-25 23:11,2021-05-25 23:16,Nursing,5.0,,,PQ nursed (5m left)
941,2021-05-25 23:00,2021-05-25 23:00,Medicine,,,drop(s),D drop
942,2021-05-25 21:37,2021-05-25 21:37,Diaper,,,Wet,PQ had a wet Diaper (medium)
943,2021-05-25 21:19,2021-05-25 21:32,Nursing,13.0,,,PQ nursed (13m left)
944,2021-05-25 20:56,2021-05-25 21:07,Nursing,11.0,,,PQ nursed (10m right)
945,2021-05-25 20:10,2021-05-25 20:32,Nursing,6.0,,,PQ nursed (6m right)
946,2021-05-25 18:50,2021-05-25 19:05,Nursing,15.0,,,PQ nursed (15m right)
947,2021-05-25 18:08,2021-05-25 18:08,Diaper,,,BM+Wet,"PQ had a BM and wet Diaper (small, orange)"
948,2021-05-25 17:50,2021-05-25 17:59,Nursing,9.0,,,PQ nursed (9m right)
949,2021-05-25 17:03,2021-05-25 17:06,Nursing,3.0,,,PQ nursed (3m left)
950,2021-05-25 16:28,2021-05-25 16:39,Nursing,11.0,,,PQ nursed (11m right)
951,2021-05-25 16:05,2021-05-25 16:13,Nursing,8.0,,,PQ nursed (8m right)
952,2021-05-25 16:00,2021-05-25 16:00,Diaper,,,BM+Wet,PQ had a BM and wet Diaper (medium)
953,2021-05-25 13:06,2021-05-25 13:31,Nursing,25.0,,,PQ nursed (25m right)
954,2021-05-25 12:59,2021-05-25 12:59,Diaper,,,Wet,PQ had a wet Diaper (medium)
955,2021-05-25 10:00,2021-05-25 10:08,Nursing,8.0,,,PQ nursed (8m right)
956,2021-05-25 09:26,2021-05-25 09:31,Nursing,5.0,,,PQ nursed (5m right)
957,2021-05-25 09:07,2021-05-25 09:07,Diaper,,,BM,PQ had a BM Diaper (medium)
958,2021-05-25 08:44,2021-05-25 08:49,Nursing,5.0,,,PQ nursed (5m left)
959,2021-05-25 06:00,2021-05-25 06:00,Bottle,,30.0,Formula,PQ drank 30 ml of formula
960,2021-05-25 05:45,2021-05-25 05:45,Diaper,,,BM+Wet,PQ had a BM and wet Diaper (medium)
961,2021-05-25 05:14,2021-05-25 05:24,Nursing,10.0,,,PQ nursed (10m right)
962,2021-05-25 05:14,2021-05-25 05:14,Bottle,,40.0,Milk,PQ drank 40 ml of milk
963,2021-05-25 05:14,2021-05-25 05:14,Diaper,,,BM+Wet,PQ had a BM and wet Diaper (small)
964,2021-05-25 02:30,2021-05-25 02:30,Bottle,,40.0,Milk,PQ drank 40 ml of milk
965,2021-05-25 01:51,2021-05-25 02:01,Nursing,10.0,,,PQ nursed (10m right)
966,2021-05-25 01:29,2021-05-25 01:29,Bottle,,40.0,Milk,PQ drank 40 ml of milk
967,2021-05-25 00:47,2021-05-25 00:52,Nursing,5.0,,,PQ nursed (5m right)
968,2021-05-25 00:41,2021-05-25 00:41,Diaper,,,Wet,PQ had a wet Diaper (medium)
969,2021-05-24 22:30,2021-05-24 22:30,Bottle,,60.0,Milk,PQ drank 60 ml of milk
970,2021-05-24 22:27,2021-05-24 22:29,Nursing,2.0,,,PQ nursed (2m right)
971,2021-05-24 21:40,2021-05-24 21:55,Nursing,15.0,,,PQ nursed (15m left)
972,2021-05-24 20:21,2021-05-24 20:25,Nursing,4.0,,,PQ nursed (4m left)
973,2021-05-24 20:08,2021-05-24 20:08,Diaper,,,BM,"PQ had a BM Diaper (leak, large)"
974,2021-05-24 18:40,2021-05-24 18:49,Nursing,8.0,,,PQ nursed (8m right)
975,2021-05-24 18:00,2021-05-24 18:00,Medicine,,1.0,drop(s),D drop: 1 drop(s)
976,2021-05-24 17:52,2021-05-24 17:52,Photo,,,,Photo
977,2021-05-24 17:20,2021-05-24 17:20,Bottle,,40.0,Milk,PQ drank 40 ml of milk
978,2021-05-24 16:31,2021-05-24 16:36,Nursing,5.0,,,PQ nursed (5m left)
979,2021-05-24 16:00,2021-05-24 16:08,Nursing,8.0,,,PQ nursed (8m left)
980,2021-05-24 14:45,2021-05-24 14:53,Nursing,8.0,,,PQ nursed (8m left)
981,2021-05-24 14:30,2021-05-24 14:30,Diaper,,,BM+Wet,"PQ had a BM and wet Diaper (diaper cream, medium, normal)"
982,2021-05-24 13:45,2021-05-24 13:57,Nursing,12.0,,,PQ nursed (12m left)
983,2021-05-24 13:30,2021-05-24 13:30,Diaper,,,Wet,PQ had a wet Diaper (diaper cream)
984,2021-05-24 10:45,2021-05-24 10:50,Nursing,5.0,,,PQ nursed (5m left)
985,2021-05-24 10:45,2021-05-24 10:45,Diaper,,,Wet,PQ had a wet Diaper
986,2021-05-24 08:10,2021-05-24 08:10,Bottle,,30.0,Formula,PQ drank 30 ml of formula
987,2021-05-24 07:30,2021-05-24 07:30,Bottle,,30.0,Milk,PQ drank 30 ml of milk
988,2021-05-24 07:00,2021-05-24 07:15,Nursing,15.0,,,PQ nursed (15m left)
989,2021-05-24 06:40,2021-05-24 06:55,Nursing,15.0,,,PQ nursed (15m left)
990,2021-05-24 06:15,2021-05-24 06:25,Nursing,10.0,,,PQ nursed (10m left)
991,2021-05-24 06:05,2021-05-24 06:05,Diaper,,,BM+Wet,PQ had a BM and wet Diaper
992,2021-05-24 05:00,2021-05-24 05:10,Nursing,10.0,,,PQ nursed (10m left)
993,2021-05-24 05:00,2021-05-24 05:00,Bottle,,130.0,Formula,PQ drank 130 ml of formula
994,2021-05-24 04:30,2021-05-24 04:30,Bottle,,10.0,Milk,PQ drank 10 ml of milk
